aX,aY,aZ,gX,gY,gZ
-0.102,0.363,0.962,-0.671,-4.272,10.620
-0.100,0.369,0.957,-0.488,-4.272,13.611
-0.098,0.371,0.939,-0.061,-4.456,16.357
-0.100,0.348,0.923,0.854,-4.333,19.531
-0.065,0.349,0.873,1.770,-2.625,21.362
-0.115,0.340,0.903,3.235,0.122,23.315
-0.129,0.312,0.904,3.967,1.709,24.170
-0.135,0.288,0.891,6.165,2.625,25.330
-0.121,0.271,0.891,7.812,3.601,26.489
-0.124,0.255,0.914,8.423,4.883,28.870
-0.143,0.240,0.932,7.446,5.554,31.921
-0.154,0.245,0.918,5.188,5.127,33.630
-0.149,0.251,0.893,2.869,4.456,34.119
-0.132,0.236,0.860,1.892,4.150,35.156
-0.140,0.184,0.837,1.709,2.991,37.903
-0.180,0.123,0.819,1.953,3.540,41.809
-0.189,0.060,0.842,1.770,5.737,44.678
-0.228,0.005,0.829,-0.610,6.470,45.898
-0.248,-0.036,0.800,-3.235,8.362,43.457
-0.253,-0.083,0.790,-3.906,11.047,39.612
-0.267,-0.120,0.776,-2.014,13.306,35.522
-0.283,-0.170,0.768,0.610,16.235,31.311
-0.282,-0.219,0.784,3.174,20.325,27.893
-0.276,-0.244,0.804,5.493,24.963,24.475
-0.241,-0.237,0.845,8.423,29.785,20.264
-0.179,-0.249,0.917,12.634,32.593,19.226
-0.134,-0.285,0.962,16.357,30.029,21.851
-0.131,-0.309,0.977,18.005,23.865,25.879
-0.166,-0.390,0.996,17.212,17.944,29.785
-0.179,-0.481,0.992,13.062,14.221,32.227
-0.159,-0.602,0.970,6.775,11.597,34.485
-0.175,-0.754,0.951,2.686,8.484,39.246
-0.196,-0.904,0.968,2.869,7.324,46.753
-0.223,-1.103,0.978,4.456,9.094,51.086
-0.219,-1.338,0.996,5.798,12.451,47.791
-0.229,-1.594,1.014,5.432,15.076,41.443
-0.259,-1.809,1.079,1.160,16.052,36.804
-0.321,-1.990,1.158,-7.629,18.555,32.227
-0.386,-2.192,1.235,-20.752,25.269,24.963
-0.408,-2.336,1.283,-36.316,31.799,13.672
-0.419,-2.359,1.288,-47.241,33.569,-4.150
-0.443,-2.294,1.272,-47.485,29.175,-28.564
-0.398,-2.230,1.297,-40.161,20.508,-54.932
-0.371,-2.139,1.274,-32.471,5.066,-78.796
-0.322,-2.004,1.254,-28.503,-9.583,-97.412
-0.255,-2.011,1.264,-28.931,-19.287,-109.497
-0.220,-1.995,1.253,-39.673,-22.278,-127.075
-0.147,-1.952,1.240,-53.955,-22.644,-144.775
-0.093,-1.895,1.242,-63.171,-24.841,-162.170
-0.031,-1.817,1.247,-64.392,-27.954,-179.749
-0.018,-1.720,1.252,-56.641,-29.358,-196.167
0.024,-1.610,1.227,-45.044,-30.762,-214.478
0.111,-1.488,1.214,-37.476,-36.865,-235.107
0.253,-1.246,1.169,-32.166,-41.443,-256.836
0.378,-0.955,1.122,-24.902,-45.227,-277.466
0.500,-0.713,1.117,-14.954,-49.377,-293.518
0.645,-0.521,1.097,-4.639,-52.612,-303.040
0.854,-0.303,1.001,1.221,-52.856,-309.387
1.097,-0.072,0.950,5.798,-50.659,-315.063
1.246,0.132,0.994,12.390,-46.204,-315.979
1.389,0.368,0.973,16.296,-39.856,-311.646
1.502,0.563,0.901,19.165,-38.574,-307.190
1.601,0.849,0.798,18.738,-41.199,-303.589
1.624,1.136,0.704,14.343,-45.410,-293.213
1.647,1.326,0.625,8.057,-50.354,-274.170
1.613,1.513,0.604,2.075,-57.068,-251.282
1.656,1.724,0.476,-2.136,-63.660,-230.347
1.907,1.924,0.463,1.953,-65.247,-208.740
1.954,2.134,0.604,15.198,-62.195,-187.439
1.895,2.318,0.846,28.931,-48.157,-172.363
1.860,2.472,0.935,35.156,-23.132,-163.330
1.801,2.614,0.869,36.255,-8.362,-151.001
1.734,2.724,0.789,37.781,-1.709,-130.005
1.728,2.868,0.782,35.217,1.587,-102.844
1.645,2.939,0.829,25.452,-2.747,-67.627
1.582,2.891,0.754,8.789,-10.864,-31.128
1.582,2.826,0.558,-5.615,-16.724,-3.174
1.550,2.817,0.351,-11.414,-17.029,19.165
1.467,2.837,0.231,-10.071,-8.972,45.593
1.443,2.767,0.178,-3.540,10.437,76.721
1.357,2.635,0.208,0.732,25.269,101.746
1.428,2.491,0.291,0.916,28.015,123.596
1.353,2.359,0.379,0.061,14.709,143.616
1.362,2.179,0.347,0.122,12.146,160.522
1.380,2.001,0.340,-1.038,8.423,177.002
1.329,1.828,0.394,-1.770,3.662,193.848
1.313,1.643,0.426,-4.822,7.996,208.740
1.324,1.421,0.500,-10.498,17.456,220.093
1.303,1.187,0.605,-19.592,25.757,231.262
1.292,0.991,0.633,-29.907,34.180,240.051
1.294,0.849,0.611,-35.400,45.776,245.361
1.313,0.771,0.583,-32.227,54.810,251.404
1.367,0.678,0.547,-21.545,66.223,263.123
1.427,0.570,0.530,-5.371,75.134,276.306
1.429,0.373,0.576,13.123,79.529,288.452
1.379,-0.018,0.680,31.311,84.961,300.659
1.371,-0.487,0.758,41.748,94.299,306.274
1.289,-0.839,0.863,44.617,97.107,300.415
1.151,-1.161,1.016,52.673,96.252,291.321
0.901,-1.473,1.218,63.538,91.431,280.884
0.654,-1.632,1.279,68.115,81.665,264.709
0.511,-1.652,1.233,68.848,68.787,242.615
0.326,-1.714,1.219,72.754,52.979,220.703
0.200,-1.749,1.200,75.073,40.588,205.627
0.136,-1.752,1.125,69.336,37.109,194.092
0.023,-1.906,1.131,58.228,38.391,187.378
-0.080,-2.133,1.240,43.274,45.288,184.692
-0.138,-2.229,1.271,22.827,54.382,175.781
-0.220,-2.339,1.282,12.390,58.411,157.776
-0.257,-2.293,1.237,16.174,55.481,136.292
-0.207,-2.318,1.253,30.029,55.786,117.126
-0.131,-2.286,1.329,42.114,52.917,99.915
-0.032,-2.202,1.504,40.527,50.659,85.632
-0.016,-2.208,1.683,23.254,52.368,80.200
0.048,-2.201,1.734,-8.606,47.974,76.111
0.076,-2.079,1.676,-41.077,34.119,64.636
0.071,-1.903,1.564,-54.199,16.602,50.049
0.042,-1.710,1.379,-46.814,-3.967,36.255
-0.001,-1.561,1.218,-28.320,-21.973,22.949
-0.141,-0.466,0.890,-3.967,2.563,15.198
-0.152,-0.539,0.927,-5.676,4.883,13.855
-0.170,-0.578,0.973,-7.202,6.226,11.230
-0.178,-0.660,1.009,-6.958,6.836,8.118
-0.162,-0.767,1.040,-6.836,7.263,7.874
-0.161,-0.888,1.076,-7.141,6.775,9.521
-0.155,-0.986,1.087,-6.775,6.042,8.789
-0.167,-1.069,1.093,-5.127,5.737,4.272
-0.217,-1.160,1.111,-1.038,5.066,-2.441
-0.221,-1.280,1.162,2.808,0.488,-11.841
-0.240,-1.415,1.203,3.906,-5.554,-23.804
-0.210,-1.534,1.235,2.502,-7.629,-37.659
-0.193,-1.640,1.251,-0.061,-7.996,-53.223
-0.165,-1.623,1.257,-3.662,-6.165,-70.557
-0.183,-1.649,1.270,-4.456,-4.456,-85.938
-0.163,-1.658,1.260,-6.775,-3.662,-104.004
-0.138,-1.619,1.249,-10.986,-3.723,-121.765
-0.129,-1.585,1.247,-15.442,-4.517,-138.245
-0.130,-1.591,1.242,-21.301,-5.920,-153.748
-0.123,-1.573,1.212,-30.090,-6.958,-170.105
-0.108,-1.524,1.165,-38.879,-8.179,-188.171
-0.114,-1.474,1.122,-43.579,-11.230,-206.848
-0.111,-1.394,1.070,-42.236,-16.113,-225.342
-0.051,-1.319,0.999,-36.621,-22.156,-244.324
0.007,-1.251,0.950,-28.748,-28.809,-264.343
0.074,-1.155,0.901,-20.935,-34.302,-284.241
0.171,-1.008,0.844,-15.320,-34.363,-302.246
0.280,-0.875,0.797,-10.559,-32.654,-318.542
0.370,-0.745,0.772,-6.531,-29.419,-331.665
0.499,-0.599,0.722,-3.662,-26.367,-342.041
0.721,-0.430,0.663,-0.671,-24.048,-349.426
0.981,-0.217,0.676,5.249,-22.095,-350.464
1.097,-0.021,0.800,13.733,-18.433,-343.811
1.132,0.136,0.877,12.085,-12.390,-334.778
1.199,0.303,0.788,-3.418,-11.108,-325.256
1.374,0.501,0.604,-18.005,-12.939,-317.383
1.516,0.718,0.528,-16.724,-15.442,-309.143
1.607,0.993,0.539,-4.883,-21.545,-297.424
1.795,1.314,0.634,7.080,-22.217,-280.090
1.995,1.581,0.769,14.526,-17.944,-256.897
2.057,1.775,0.899,13.855,-14.832,-230.835
2.087,1.971,0.879,3.418,-6.836,-205.200
2.133,2.168,0.758,-6.836,4.089,-181.335
2.130,2.313,0.704,-5.432,12.512,-155.945
2.080,2.417,0.667,6.958,15.015,-129.944
2.073,2.512,0.630,24.902,10.071,-106.140
2.087,2.598,0.648,41.260,0.305,-81.360
2.149,2.650,0.745,49.927,-4.456,-52.979
2.114,2.690,0.846,46.082,-1.892,-23.193
1.991,2.702,0.851,31.128,3.967,6.775
1.982,2.637,0.897,13.428,6.348,41.443
1.925,2.493,0.755,-0.061,21.240,71.777
1.867,2.365,0.629,-7.141,30.029,98.816
1.726,2.249,0.658,-6.653,10.864,125.793
1.696,2.092,0.662,1.831,-2.747,150.635
1.622,1.943,0.643,9.583,-10.437,173.645
1.559,1.782,0.626,10.803,-12.878,193.604
1.506,1.603,0.595,5.554,-5.920,212.646
1.448,1.441,0.576,-3.723,4.944,234.375
1.382,1.204,0.606,-14.282,18.555,256.531
1.328,0.934,0.648,-24.353,37.048,276.306
1.270,0.699,0.685,-31.799,58.105,290.222
1.200,0.509,0.725,-33.997,73.425,295.959
1.153,0.384,0.728,-26.733,79.102,294.128
1.143,0.300,0.675,-9.583,72.876,287.903
1.117,0.160,0.676,13.855,57.495,284.973
1.098,-0.021,0.725,34.424,43.335,288.086
1.056,-0.256,0.750,42.603,38.940,292.664
0.978,-0.500,0.778,38.940,44.067,295.654
0.871,-0.660,0.791,31.006,52.185,295.471
0.751,-0.777,0.778,29.358,59.326,290.833
0.640,-0.857,0.756,37.109,61.462,281.311
0.585,-0.928,0.716,49.988,54.382,268.738
0.503,-1.057,0.755,66.956,43.274,254.761
0.367,-1.324,0.944,80.933,37.231,245.300
0.251,-1.503,1.057,76.843,43.091,234.680
0.195,-1.571,1.135,57.556,56.274,217.102
0.147,-1.535,1.190,38.818,67.383,199.097
0.144,-1.480,1.172,27.954,71.167,183.167
0.147,-1.500,1.160,25.696,67.627,167.236
0.129,-1.603,1.241,29.175,62.073,152.771
0.134,-1.650,1.299,27.710,61.096,138.245
0.141,-1.704,1.354,20.142,62.988,122.131
0.153,-1.695,1.371,11.292,62.500,106.140
0.202,-1.634,1.398,7.019,57.739,93.506
0.271,-1.584,1.422,8.972,46.082,85.632
0.336,-1.550,1.410,11.169,29.968,80.078
0.336,-1.605,1.440,10.315,16.602,76.172
0.321,-1.640,1.408,5.005,10.986,71.167
0.258,-1.651,1.353,0.427,9.155,61.157
0.138,-1.717,1.382,3.357,7.568,50.354
0.044,-1.760,1.374,8.118,8.057,38.208
-0.030,-1.712,1.340,11.719,9.827,23.499
-0.097,-1.618,1.345,13.062,9.583,10.437
-0.188,-1.558,1.344,11.230,4.761,2.747
-0.197,-1.612,1.368,4.150,-0.732,-0.488
-0.194,-1.449,1.297,-9.949,-15.381,-6.531
-0.279,-1.352,1.239,-24.048,-31.860,-6.226
-0.295,-1.356,1.085,-33.325,-35.828,-5.310
-0.266,-1.338,0.913,-39.001,-31.799,-10.864
-0.271,-1.254,0.778,-39.734,-29.053,-23.621
-0.206,-1.187,0.719,-34.180,-21.423,-38.269
-0.126,-1.092,0.697,-26.672,-13.245,-51.941
-0.036,-0.995,0.730,-21.973,-6.104,-63.354
0.002,-0.869,0.781,-22.034,1.404,-72.571
0.055,-0.771,0.876,-28.870,6.592,-76.416
0.109,-0.726,0.949,-38.757,8.240,-76.904
0.153,-0.676,0.980,-46.692,8.179,-77.881
0.155,-0.609,0.969,-48.279,3.296,-80.444
0.183,-0.625,0.940,-43.091,-9.460,-82.886
0.201,-0.591,0.892,-37.415,-25.696,-87.769
0.208,-0.511,0.817,-33.081,-38.513,-96.619
0.211,-0.395,0.724,-26.367,-41.321,-106.506
0.268,-0.272,0.669,-20.447,-36.682,-112.793
0.361,-0.148,0.699,-18.433,-27.527,-115.479
0.415,-0.026,0.781,-20.203,-14.954,-115.051
0.424,-0.011,0.893,-26.611,-1.099,-111.267
0.489,-0.016,0.961,-37.842,9.705,-108.459
0.565,0.039,0.966,-47.302,11.475,-110.413
-0.031,-0.498,1.246,-11.902,13.000,8.972
-0.016,-0.586,1.271,-17.456,14.343,6.409
0.003,-0.671,1.285,-20.996,12.146,3.723
0.021,-0.758,1.278,-22.156,6.714,1.099
0.033,-0.856,1.264,-22.278,-0.183,-0.793
0.058,-0.940,1.234,-23.499,-7.202,-1.282
0.042,-1.026,1.194,-25.391,-14.832,-1.953
0.018,-1.135,1.179,-27.405,-18.005,-3.662
-0.008,-1.212,1.138,-29.236,-19.653,-9.949
-0.026,-1.201,1.102,-30.762,-22.095,-20.752
-0.081,-1.270,1.103,-28.625,-25.757,-30.212
-0.104,-1.323,1.107,-22.644,-29.480,-42.480
-0.120,-1.386,1.121,-15.747,-32.654,-56.213
-0.146,-1.474,1.170,-10.376,-33.264,-73.975
-0.133,-1.500,1.212,-9.644,-32.898,-96.863
-0.119,-1.470,1.256,-9.827,-35.156,-119.751
-0.134,-1.495,1.343,-5.676,-41.016,-139.282
-0.117,-1.500,1.380,-0.061,-48.218,-161.072
-0.069,-1.431,1.381,6.897,-58.899,-185.669
-0.036,-1.327,1.371,17.090,-73.364,-208.069
0.007,-1.193,1.310,28.687,-86.914,-227.051
0.061,-1.042,1.248,35.583,-94.910,-240.967
0.091,-0.941,1.192,35.706,-99.548,-249.451
0.125,-0.907,1.147,29.175,-94.360,-253.723
0.231,-0.822,1.092,19.897,-83.008,-260.254
0.257,-0.769,1.069,15.930,-69.336,-270.935
0.279,-0.707,1.075,19.836,-58.228,-284.973
0.327,-0.611,1.039,27.649,-54.321,-299.438
0.379,-0.499,0.989,35.522,-56.274,-310.364
0.422,-0.380,0.917,39.063,-58.533,-315.979
0.500,-0.289,0.838,34.668,-57.617,-315.430
0.586,-0.193,0.720,19.226,-53.406,-312.317
0.732,-0.054,0.540,-1.404,-47.852,-309.326
0.873,0.079,0.357,-15.930,-43.030,-305.542
1.050,0.214,0.199,-17.029,-35.278,-302.002
1.325,0.370,0.182,-5.066,-20.020,-299.072
1.564,0.548,0.309,9.949,-2.625,-297.241
1.728,0.793,0.477,22.888,18.616,-296.570
1.905,1.066,0.643,31.006,40.955,-288.635
2.077,1.243,0.882,31.189,53.040,-268.005
2.177,1.355,0.992,20.996,59.326,-242.737
2.322,1.462,0.995,9.155,57.739,-222.656
2.439,1.648,0.963,8.545,44.495,-207.947
2.490,1.897,0.926,25.452,28.870,-192.932
2.410,2.102,0.950,52.979,15.808,-172.363
2.546,2.160,1.043,73.669,13.123,-147.400
2.514,2.320,1.156,76.416,14.587,-118.896
2.544,2.478,1.084,63.416,47.302,-89.844
2.221,2.590,1.242,31.494,34.485,-45.410
2.085,2.479,1.254,-4.028,5.493,4.639
2.019,2.261,1.020,-26.428,-9.460,43.701
1.835,2.099,0.743,-30.640,-21.729,68.909
1.704,1.958,0.508,-15.503,-33.752,85.876
1.602,1.843,0.446,10.742,-48.157,101.868
1.595,1.726,0.472,34.241,-55.664,117.188
1.585,1.607,0.490,45.898,-51.208,131.165
1.569,1.459,0.509,42.664,-38.940,144.470
1.564,1.337,0.520,30.029,-23.682,159.424
1.514,1.227,0.589,16.357,-8.240,175.720
1.421,1.072,0.688,5.249,3.906,192.993
1.339,0.879,0.745,-2.502,9.827,207.642
1.270,0.701,0.798,-6.531,5.798,217.590
1.225,0.611,0.773,-7.019,-4.028,224.731
1.178,0.525,0.714,-4.761,-13.794,231.628
1.098,0.441,0.646,-4.333,-18.188,242.065
1.040,0.312,0.562,-10.681,-13.123,251.038
1.002,0.268,0.451,-22.522,2.808,256.470
0.904,0.279,0.377,-32.593,24.231,260.254
0.787,0.186,0.348,-33.569,45.349,263.611
0.730,0.015,0.372,-25.574,61.890,261.353
0.721,-0.174,0.534,-10.681,73.853,252.747
0.736,-0.297,0.731,4.639,81.604,242.004
0.784,-0.414,0.934,21.790,85.144,232.971
0.817,-0.504,1.093,36.987,82.336,227.295
0.882,-0.469,1.162,43.274,72.693,222.290
0.910,-0.410,1.184,47.058,59.143,218.018
0.951,-0.406,1.155,49.866,42.419,219.177
1.020,-0.463,1.058,47.302,24.231,228.455
0.913,-0.720,1.055,45.166,14.099,245.850
0.752,-1.090,1.127,36.743,19.531,261.169
0.632,-1.289,1.120,14.587,37.048,260.315
0.506,-1.328,1.097,-2.502,53.955,245.850
0.333,-1.381,1.128,1.160,60.242,230.957
0.250,-1.358,1.091,13.672,53.650,217.407
0.123,-1.396,1.080,25.146,39.368,202.209
-0.005,-1.422,1.090,30.640,28.198,189.148
-0.057,-1.433,1.024,26.001,27.100,177.979
-0.114,-1.514,0.956,21.240,32.104,168.091
-0.128,-1.604,0.920,21.851,39.917,157.410
-0.065,-1.563,0.918,25.391,49.561,143.066
-0.042,-1.538,1.050,31.860,55.542,127.930
-0.003,-1.599,1.269,33.508,60.242,121.643
-0.057,-1.693,1.404,20.020,61.096,118.469
-0.098,-1.735,1.458,-0.793,59.875,109.497
-0.129,-1.694,1.473,-12.451,52.551,95.276
-0.175,-1.637,1.451,-7.568,31.860,76.538
-0.151,-1.551,1.344,6.470,4.089,56.030
-0.124,-1.503,1.210,22.095,-18.433,37.903
-0.130,-1.431,1.077,30.945,-28.442,21.484
-0.109,-1.329,0.972,31.128,-23.743,9.216
-0.109,-1.320,0.911,27.649,-12.512,4.761
-0.063,-1.451,0.949,21.851,6.348,2.075
-0.030,-1.388,1.061,6.348,22.705,-6.836
-0.063,-1.307,1.255,-9.949,24.780,-8.606
-0.048,-1.254,1.369,-20.264,25.940,-9.277
0.024,-1.196,1.347,-25.879,31.921,-12.268
0.073,-1.127,1.291,-30.518,29.724,-14.709
0.090,-1.104,1.240,-36.316,14.648,-14.526
0.130,-1.069,1.157,-43.274,0.916,-13.367
0.145,-1.042,1.071,-47.241,-3.784,-14.771
0.131,-1.031,1.014,-51.880,-4.883,-22.461
0.129,-0.938,0.936,-57.251,-0.793,-34.546
0.179,-0.818,0.888,-56.824,1.953,-44.922
0.208,-0.723,0.893,-50.049,0.793,-53.162
0.221,-0.563,0.884,-43.030,-3.113,-61.279
0.231,-0.415,0.865,-38.086,-9.460,-66.162
0.239,-0.338,0.873,-35.706,-14.282,-64.209
0.249,-0.277,0.868,-39.124,-15.381,-57.495
0.254,-0.251,0.830,-45.898,-12.024,-51.208
0.126,-0.682,1.047,-13.367,2.075,2.075
0.101,-0.742,1.030,-16.052,-1.160,-0.732
0.072,-0.777,1.024,-18.616,-5.493,-4.211
0.056,-0.817,1.020,-20.996,-9.338,-10.254
0.064,-0.869,1.016,-23.437,-12.451,-17.578
0.063,-0.876,1.023,-26.367,-16.663,-23.315
0.054,-0.925,1.042,-27.710,-22.095,-27.222
0.031,-1.039,1.062,-27.527,-26.672,-29.785
0.014,-1.142,1.078,-28.931,-30.212,-33.142
-0.062,-1.343,1.170,-28.015,-33.020,-35.889
-0.126,-1.549,1.266,-24.963,-27.832,-42.603
-0.175,-1.686,1.341,-24.231,-17.578,-56.580
-0.216,-1.771,1.414,-22.583,-8.606,-78.430
-0.224,-1.815,1.458,-20.691,-3.906,-105.896
-0.200,-1.786,1.459,-19.470,-4.639,-136.780
-0.155,-1.705,1.454,-17.212,-8.972,-167.297
-0.157,-1.688,1.469,-13.062,-16.296,-194.031
-0.074,-1.618,1.405,-10.742,-24.414,-221.924
-0.018,-1.470,1.281,-12.390,-34.546,-250.427
0.018,-1.286,1.103,-12.146,-48.157,-274.231
0.101,-1.174,0.921,-5.127,-62.378,-291.443
0.231,-1.055,0.754,6.226,-69.702,-305.664
0.291,-0.968,0.678,20.508,-65.613,-317.688
0.318,-0.923,0.685,34.546,-50.354,-326.965
0.435,-0.847,0.698,37.109,-27.710,-334.229
0.528,-0.690,0.699,27.405,-5.066,-339.661
0.619,-0.542,0.706,13.916,12.695,-340.332
0.695,-0.392,0.700,3.662,22.400,-333.618
0.784,-0.254,0.651,-3.784,22.156,-321.838
0.965,-0.128,0.561,-10.071,16.663,-309.326
1.218,0.015,0.498,-16.235,12.329,-295.715
1.027,0.305,0.457,-27.283,7.507,-275.513
1.552,0.450,0.441,-42.297,26.367,-238.647
1.592,0.468,0.531,-59.326,24.841,-226.257
1.573,0.475,0.552,-65.857,24.353,-223.938
1.803,0.512,0.412,-48.218,42.725,-223.755
1.930,0.666,0.443,-17.822,36.255,-218.872
2.069,0.801,0.607,14.832,18.494,-209.900
2.256,0.972,0.705,41.382,19.470,-197.327
2.303,1.154,0.847,50.415,25.513,-178.284
2.331,1.252,0.981,45.837,32.959,-159.058
2.394,1.335,1.115,39.612,46.509,-138.733
2.358,1.461,1.188,35.522,54.321,-121.033
2.482,1.584,1.195,37.903,65.613,-104.431
2.455,1.780,1.301,36.316,44.739,-81.360
2.345,1.978,1.376,25.757,7.812,-59.998
1.968,2.180,1.293,10.193,-21.667,-33.875
2.045,1.930,1.245,5.615,-36.194,-2.747
1.749,1.795,1.161,8.911,-45.898,13.184
1.973,1.672,0.729,17.822,22.461,20.569
2.032,1.561,0.434,27.893,62.927,32.959
1.781,1.478,0.596,29.175,17.334,52.673
1.681,1.419,0.801,27.893,-33.752,71.716
1.764,1.250,0.683,37.109,-41.321,89.050
1.729,1.131,0.651,47.791,-46.692,102.539
1.685,1.092,0.660,51.025,-55.176,119.385
1.614,1.008,0.720,48.157,-72.876,140.625
1.493,0.835,0.736,36.560,-87.524,160.217
1.358,0.665,0.648,18.921,-86.975,174.805
1.267,0.575,0.535,3.296,-78.430,182.495
1.185,0.546,0.436,-3.357,-71.777,185.852
1.099,0.550,0.359,0.000,-67.505,190.491
1.071,0.528,0.336,10.559,-66.833,197.815
1.085,0.505,0.283,18.127,-67.322,205.750
1.096,0.453,0.285,19.531,-60.486,214.417
1.062,0.370,0.323,13.916,-48.950,226.990
1.056,0.276,0.348,4.517,-33.020,243.286
1.011,0.185,0.395,-4.028,-13.306,257.324
0.905,0.085,0.455,-8.972,5.371,266.235
0.838,0.016,0.542,-10.986,16.785,272.827
0.841,-0.099,0.604,-8.850,15.625,279.419
0.862,-0.190,0.613,-1.404,10.437,283.020
0.885,-0.222,0.565,4.944,6.592,282.776
0.897,-0.348,0.574,13.550,2.747,283.752
0.888,-0.595,0.677,24.048,6.836,291.687
0.834,-0.841,0.798,26.855,21.118,301.575
0.733,-1.049,0.927,21.729,43.762,304.443
0.619,-1.149,1.042,12.329,64.148,297.974
0.568,-1.144,1.061,5.432,74.036,284.302
0.540,-1.102,1.015,9.705,70.984,267.883
0.492,-1.152,1.012,21.118,56.763,251.892
0.430,-1.253,1.044,30.457,41.809,238.281
0.380,-1.329,1.117,30.701,35.583,224.365
0.332,-1.440,1.204,23.499,35.828,210.266
0.278,-1.556,1.217,11.841,38.330,197.266
0.230,-1.630,1.193,2.991,41.809,184.448
0.203,-1.647,1.152,1.587,45.654,168.030
0.263,-1.651,1.140,9.277,49.927,150.940
0.367,-1.554,1.129,19.287,49.072,133.545
0.482,-1.457,1.107,25.818,49.133,118.530
0.555,-1.342,1.065,27.161,49.255,108.093
0.587,-1.257,1.054,23.865,47.852,103.455
0.556,-1.230,1.073,15.930,44.556,103.271
0.478,-1.295,1.120,5.981,40.161,105.835
0.369,-1.343,1.101,-4.517,34.729,104.919
0.233,-1.326,1.041,-11.353,26.733,95.764
0.103,-1.288,0.986,-9.338,16.418,80.811
0.030,-1.259,0.924,-0.366,6.653,63.293
-0.009,-1.230,0.851,11.414,-6.470,42.419
0.020,-1.181,0.825,26.917,-14.709,21.545
0.056,-1.062,0.810,40.649,-18.555,7.202
0.091,-1.055,0.866,50.110,-19.348,1.587
0.056,-0.902,0.955,45.715,-22.461,-0.793
0.120,-0.785,1.011,30.334,-18.555,4.456
0.130,-0.665,0.948,13.306,-2.258,7.874
0.082,-0.565,0.976,-1.038,9.949,13.428
0.088,-0.493,0.965,-13.062,13.489,13.672
0.112,-0.376,0.963,-19.409,10.315,10.071
0.142,-0.250,0.939,-16.907,6.348,2.686
0.178,-0.107,0.942,-10.315,-0.732,-3.296
0.262,-0.037,0.964,-2.686,-7.324,-6.104
0.299,0.005,0.990,3.479,-14.709,-5.554
0.309,0.033,1.031,5.798,-17.883,-4.944
0.343,0.055,1.046,3.967,-16.724,-6.653
0.375,0.092,1.057,2.625,-16.296,-8.423
0.385,0.087,1.086,5.005,-17.639,-9.155
0.398,0.081,1.092,6.348,-18.677,-10.010
0.392,0.085,1.095,4.456,-19.958,-11.536
0.397,0.048,1.110,2.136,-20.691,-12.146
0.282,-0.839,1.178,-24.658,-36.682,-28.198
0.232,-0.870,1.181,-15.564,-47.424,-34.241
0.190,-0.942,1.162,-8.728,-54.260,-39.246
0.114,-1.005,1.156,-5.432,-60.181,-45.349
0.080,-1.026,1.142,-4.456,-59.448,-52.795
0.037,-1.070,1.121,-3.113,-55.969,-59.326
0.019,-1.068,1.092,-2.747,-49.683,-70.190
0.021,-1.086,1.095,-1.587,-42.664,-83.008
0.010,-1.116,1.123,-0.793,-37.048,-104.431
0.040,-1.010,1.176,-6.531,-32.410,-127.930
0.077,-0.916,1.189,-9.705,-31.555,-147.217
0.140,-0.887,1.174,-6.897,-36.743,-161.804
0.165,-0.863,1.158,-4.150,-47.852,-174.561
0.228,-0.809,1.072,0.732,-57.251,-189.575
0.300,-0.739,1.012,8.850,-71.350,-204.529
0.348,-0.675,0.954,19.348,-82.581,-214.355
0.359,-0.624,0.902,27.954,-84.717,-222.168
0.364,-0.705,0.891,32.715,-79.041,-232.971
0.440,-0.675,0.837,33.386,-69.580,-251.099
0.486,-0.541,0.777,36.194,-61.401,-270.569
0.495,-0.453,0.774,48.584,-56.396,-286.194
0.477,-0.406,0.792,64.575,-53.833,-294.312
0.510,-0.368,0.815,70.557,-50.720,-296.875
0.549,-0.304,0.827,65.552,-45.105,-295.715
0.586,-0.215,0.820,52.856,-37.781,-290.405
0.608,-0.150,0.796,38.086,-31.189,-282.776
0.640,-0.101,0.776,24.170,-25.513,-274.170
0.713,-0.120,0.824,11.047,-20.142,-269.409
0.787,-0.031,0.824,1.038,-19.653,-273.071
0.876,0.123,0.773,-1.221,-24.963,-276.855
0.997,0.296,0.681,7.446,-36.682,-273.071
1.133,0.415,0.601,25.208,-47.729,-261.719
1.294,0.535,0.571,44.250,-47.424,-248.840
1.454,0.667,0.603,57.800,-34.424,-238.892
1.619,0.732,0.663,60.974,-10.559,-232.605
1.733,0.826,0.759,55.847,21.301,-226.990
1.750,0.975,0.833,45.105,51.636,-222.839
1.715,1.112,0.870,33.997,68.176,-215.881
1.749,1.240,0.921,30.762,65.979,-200.256
1.753,1.341,1.005,35.278,52.551,-177.551
1.779,1.361,1.122,38.391,39.917,-156.006
1.680,1.419,1.178,29.907,31.250,-136.658
1.545,1.523,1.155,12.085,26.611,-118.347
1.422,1.579,1.116,2.014,24.658,-105.042
1.547,1.475,1.111,8.667,14.221,-99.121
1.631,1.503,1.180,26.917,20.630,-95.276
1.791,1.664,0.905,50.293,65.430,-81.177
1.856,1.818,1.231,56.335,59.021,-56.946
1.857,1.951,1.602,38.879,15.503,-27.100
1.980,1.852,1.628,16.907,-6.531,4.883
1.895,1.746,1.409,-6.348,-11.169,36.865
1.810,1.619,1.175,-32.776,-22.949,64.148
1.725,1.470,0.976,-49.377,-42.358,83.191
1.681,1.294,0.829,-46.692,-57.983,99.060
1.605,1.148,0.740,-27.649,-67.139,108.826
1.481,1.000,0.745,-6.042,-73.547,112.976
1.436,0.870,0.769,8.911,-78.369,116.821
1.416,0.768,0.740,12.024,-80.872,123.108
1.344,0.714,0.702,5.371,-76.111,135.376
1.251,0.650,0.656,-6.531,-58.716,155.151
1.187,0.530,0.645,-18.494,-35.583,176.147
1.090,0.380,0.727,-28.931,-11.963,193.542
0.945,0.219,0.792,-38.696,7.690,203.003
0.835,0.121,0.784,-48.950,21.240,203.125
0.723,0.100,0.764,-54.321,23.132,198.914
0.593,0.078,0.707,-51.697,13.794,193.481
0.508,0.039,0.608,-42.236,0.671,185.608
0.474,0.041,0.508,-31.250,-10.986,176.453
0.495,0.093,0.433,-23.804,-16.113,169.006
0.564,0.144,0.357,-15.930,-7.568,171.875
0.600,0.157,0.370,-4.822,13.855,187.134
0.552,0.074,0.496,3.052,42.969,207.458
0.551,-0.106,0.658,1.404,71.045,223.328
0.536,-0.232,0.801,-7.690,90.820,229.675
0.484,-0.253,0.902,-16.479,100.830,226.807
0.474,-0.209,0.924,-19.043,97.778,216.736
0.503,-0.164,0.887,-7.263,79.773,206.665
0.466,-0.225,0.914,19.104,55.908,204.529
0.479,-0.385,1.005,42.053,39.246,207.458
0.492,-0.551,1.097,48.950,39.001,209.351
0.533,-0.683,1.177,39.734,54.382,209.412
0.529,-0.796,1.278,27.222,77.515,213.196
0.449,-0.939,1.396,17.395,95.825,218.445
0.357,-1.049,1.447,5.371,102.783,216.309
0.300,-1.124,1.439,-7.202,98.511,206.665
0.211,-1.227,1.430,-9.705,85.510,194.214
0.081,-1.416,1.455,-6.958,67.627,179.138
0.000,-1.527,1.453,-11.047,49.011,160.828
-0.069,-1.480,1.324,-21.606,32.715,139.526
-0.041,-1.420,1.151,-25.513,19.226,119.507
0.008,-1.337,0.937,-18.616,2.441,105.347
0.160,-1.274,0.773,-4.883,-10.010,95.520
0.237,-1.235,0.710,10.193,-10.193,85.938
0.290,-1.160,0.696,17.578,-1.160,78.918
0.329,-1.100,0.725,18.188,10.620,78.430
0.337,-1.125,0.822,16.785,20.996,81.299
0.297,-1.166,0.927,12.451,27.832,81.421
0.228,-1.174,1.018,5.920,29.846,76.538
0.164,-1.146,1.053,4.028,26.062,67.627
0.108,-1.112,1.060,12.085,12.634,56.274
0.056,-1.055,1.033,25.208,-7.996,43.579
0.074,-0.972,1.002,35.950,-26.611,30.823
0.087,-0.857,0.968,44.739,-42.480,21.240
0.089,-0.790,0.962,51.758,-53.162,19.592
0.073,-0.815,0.967,52.124,-56.152,22.522
0.033,-0.799,0.973,42.542,-50.354,23.010
-0.009,-0.699,0.934,29.175,-37.659,18.799
-0.053,-0.569,0.923,20.325,-25.024,15.930
-0.047,-0.489,0.928,17.883,-16.724,15.198
-0.010,-0.428,0.934,19.470,-13.367,14.709
0.056,-0.322,0.980,22.705,-13.550,13.306
0.078,-0.231,1.026,25.024,-20.691,12.817
0.090,-0.205,1.041,24.902,-27.222,12.695
0.084,-0.181,1.044,20.508,-28.503,12.024
0.067,-0.124,1.035,15.076,-23.560,9.888
0.048,-0.095,1.057,12.756,-15.869,6.592
0.038,-0.066,1.095,13.000,-8.911,3.662
0.060,-0.054,1.116,13.184,-4.578,0.305
0.100,-0.038,1.123,14.221,-1.953,-4.333
0.070,-0.876,1.116,-27.283,-10.437,-13.428
0.003,-0.843,1.147,-26.611,-14.832,-26.367
-0.027,-0.803,1.127,-26.123,-20.569,-40.222
-0.042,-0.808,1.117,-20.447,-26.855,-48.645
-0.092,-0.852,1.142,-13.733,-33.936,-54.077
-0.130,-0.868,1.162,-10.010,-33.508,-59.998
-0.171,-0.905,1.181,-9.583,-28.809,-63.660
-0.173,-0.922,1.189,-13.123,-23.071,-69.641
-0.195,-1.069,1.236,-17.883,-16.968,-77.454
-0.241,-1.127,1.274,-24.170,-9.399,-94.177
-0.255,-1.090,1.240,-32.043,-5.737,-119.995
-0.218,-1.048,1.225,-34.790,-11.292,-145.813
-0.183,-1.007,1.175,-27.283,-25.696,-169.067
-0.160,-0.956,1.118,-13.245,-42.419,-191.711
-0.092,-0.893,1.037,-1.892,-56.702,-210.999
-0.016,-0.853,0.968,6.836,-65.002,-226.562
0.059,-0.801,0.892,12.573,-63.416,-240.784
0.084,-0.736,0.841,12.207,-61.951,-251.465
0.129,-0.679,0.809,11.475,-58.655,-259.766
0.169,-0.615,0.757,13.245,-50.964,-265.564
0.223,-0.591,0.726,17.700,-44.250,-267.700
0.270,-0.604,0.727,23.926,-40.771,-268.738
0.320,-0.677,0.763,29.358,-34.668,-274.353
0.322,-0.720,0.812,33.142,-26.428,-283.875
0.340,-0.662,0.819,32.654,-20.020,-295.471
0.381,-0.559,0.826,31.006,-19.348,-304.504
0.387,-0.504,0.865,30.823,-23.132,-305.176
0.434,-0.486,0.911,29.419,-26.367,-300.049
0.469,-0.499,0.901,23.926,-25.879,-294.617
0.584,-0.450,0.849,10.376,-24.109,-288.879
0.745,-0.425,0.788,-4.517,-22.461,-284.363
0.945,-0.308,0.717,-16.357,-14.954,-282.959
1.118,-0.105,0.651,-24.597,-7.629,-282.104
1.299,0.087,0.602,-23.804,-3.662,-277.527
1.515,0.256,0.555,-14.771,-1.709,-267.151
1.814,0.390,0.549,-1.343,2.563,-252.930
2.028,0.499,0.653,13.672,14.282,-238.525
2.156,0.618,0.771,24.231,30.884,-229.248
2.258,0.768,0.860,30.212,45.654,-223.267
2.259,0.913,0.948,33.752,52.795,-211.365
2.238,1.047,1.003,32.227,51.880,-192.200
2.240,1.161,1.033,27.832,42.114,-170.471
2.212,1.251,1.084,22.644,28.931,-147.888
2.084,1.329,1.097,15.686,18.921,-124.756
2.156,1.360,1.108,8.179,16.052,-105.103
2.078,1.381,1.230,6.531,7.690,-88.623
2.109,1.371,1.090,18.860,23.132,-80.627
2.145,1.436,0.968,36.560,47.180,-67.078
2.039,1.577,0.979,43.701,31.372,-41.809
1.955,1.625,1.109,36.377,-19.165,-13.794
1.976,1.589,1.113,30.396,-45.593,18.616
1.900,1.505,1.036,24.536,-50.293,50.781
1.815,1.381,0.940,13.672,-50.781,78.308
1.716,1.217,0.860,2.136,-53.345,101.318
1.599,1.080,0.806,-5.188,-52.612,118.469
1.480,0.949,0.743,-4.150,-49.133,128.906
1.380,0.834,0.687,1.831,-46.021,135.925
1.286,0.727,0.678,9.460,-47.180,141.296
1.233,0.639,0.694,15.686,-48.584,148.621
1.216,0.551,0.710,18.188,-49.377,156.982
1.222,0.459,0.744,15.381,-48.218,164.001
1.184,0.374,0.767,7.812,-45.471,171.021
1.171,0.324,0.783,-3.845,-39.185,179.687
1.136,0.257,0.800,-17.334,-33.203,187.317
1.101,0.219,0.787,-30.151,-28.381,194.641
1.088,0.198,0.740,-37.781,-24.658,202.698
1.063,0.186,0.673,-38.452,-20.935,211.670
1.008,0.180,0.638,-36.377,-15.625,220.215
0.928,0.151,0.580,-34.058,-8.301,227.295
0.902,0.149,0.522,-33.630,1.831,234.802
0.885,0.133,0.514,-31.433,13.428,241.699
0.817,0.051,0.587,-25.513,26.550,247.986
0.755,-0.026,0.658,-21.118,38.452,254.578
0.703,-0.075,0.703,-18.616,45.288,259.155
0.663,-0.114,0.734,-15.808,45.715,260.986
0.627,-0.180,0.788,-9.827,43.335,262.207
0.603,-0.289,0.828,-1.160,40.161,265.381
0.597,-0.412,0.875,7.019,36.987,268.433
0.523,-0.529,0.925,12.329,33.813,268.433
0.469,-0.666,0.995,13.062,31.738,268.127
0.380,-0.765,1.047,10.437,33.997,266.418
0.268,-0.875,1.109,5.310,38.574,260.742
0.183,-0.970,1.159,-1.343,44.006,251.526
0.134,-1.030,1.190,-6.592,47.852,240.356
0.095,-1.029,1.196,-8.301,48.096,224.854
0.049,-1.082,1.241,-4.639,44.434,209.351
0.023,-1.169,1.337,1.343,39.001,196.655
0.010,-1.148,1.395,0.488,35.278,182.312
-0.008,-1.100,1.419,-6.287,32.959,165.466
-0.020,-1.045,1.409,-13.123,29.663,153.137
-0.016,-1.011,1.366,-20.386,24.658,145.325
-0.022,-0.979,1.301,-28.931,19.043,137.695
-0.041,-0.939,1.218,-36.194,12.939,129.761
-0.019,-0.977,1.180,-36.316,11.780,122.681
-0.029,-0.986,1.143,-34.058,11.841,114.502
0.001,-0.968,1.137,-30.762,12.329,102.722
0.033,-0.938,1.133,-25.269,12.695,91.553
0.096,-0.888,1.126,-19.775,11.169,83.496
0.154,-0.833,1.123,-15.991,8.911,77.026
0.186,-0.755,1.109,-14.954,5.798,71.655
0.180,-0.725,1.100,-14.343,1.099,68.237
0.171,-0.742,1.102,-12.878,-4.517,65.369
0.148,-0.711,1.073,-12.146,-8.789,59.814
0.110,-0.683,1.027,-8.850,-10.986,52.002
0.061,-0.666,0.998,-2.686,-12.817,44.861
0.017,-0.622,0.969,2.625,-12.634,36.438
-0.012,-0.536,0.938,6.958,-11.414,27.283
-0.004,-0.462,0.926,13.672,-10.681,21.484
-0.022,-0.440,0.932,21.179,-15.320,21.057
0.012,-0.415,0.948,25.574,-16.296,20.813
0.021,-0.343,0.957,23.926,-13.367,18.860
0.016,-0.258,0.953,18.494,-9.521,18.494
0.024,-0.222,0.936,13.489,-4.456,20.508
0.022,-0.230,0.918,9.644,-1.099,21.973
0.018,-0.219,0.908,8.667,0.793,20.996
0.016,-0.206,0.928,11.108,0.732,18.921
0.025,-0.210,0.965,16.296,-0.488,15.381
0.027,-0.204,1.002,21.362,-1.953,10.193
0.016,-0.161,1.024,23.010,-4.089,4.272
0.038,-0.848,1.173,5.554,-25.757,-74.524
0.040,-0.869,1.212,5.432,-22.278,-81.482
0.027,-0.854,1.222,5.005,-20.203,-91.675
0.040,-0.835,1.239,4.761,-22.095,-102.600
0.054,-0.795,1.243,5.371,-27.710,-113.953
0.083,-0.741,1.240,7.385,-33.142,-124.756
0.078,-0.698,1.214,9.583,-39.124,-133.484
0.076,-0.682,1.194,11.597,-43.152,-139.404
0.071,-0.647,1.160,11.841,-44.495,-143.677
0.075,-0.640,1.124,11.414,-42.786,-149.292
0.069,-0.671,1.099,10.315,-40.771,-156.128
0.068,-0.686,1.091,10.193,-36.804,-165.039
0.096,-0.659,1.056,12.085,-30.701,-177.795
0.102,-0.587,1.057,14.587,-32.471,-186.035
0.132,-0.534,1.060,21.851,-32.349,-191.345
0.151,-0.495,1.074,31.311,-30.762,-194.580
0.159,-0.439,1.065,38.574,-31.616,-194.885
0.176,-0.435,1.064,45.959,-30.640,-192.322
0.157,-0.630,1.135,51.331,-29.785,-191.345
0.102,-0.750,1.164,46.204,-31.494,-205.383
0.110,-0.633,1.089,31.128,-34.851,-229.248
0.168,-0.495,0.991,23.315,-44.006,-247.864
0.180,-0.435,0.896,30.701,-54.138,-255.127
0.217,-0.405,0.857,42.847,-57.800,-254.883
0.172,-0.382,0.797,49.744,-59.448,-252.686
0.185,-0.346,0.762,47.424,-57.251,-250.000
0.223,-0.281,0.712,39.063,-48.767,-246.277
0.245,-0.156,0.659,23.132,-37.537,-240.723
0.277,-0.122,0.620,5.920,-28.564,-236.206
0.351,-0.124,0.611,-6.531,-18.372,-234.497
0.495,-0.070,0.602,-14.771,-8.301,-234.741
0.668,0.037,0.558,-21.118,0.305,-234.802
0.834,0.145,0.528,-21.545,9.644,-231.750
1.000,0.242,0.533,-16.052,24.353,-223.694
1.158,0.330,0.508,-7.690,40.161,-217.529
1.396,0.394,0.567,5.981,53.833,-215.698
1.607,0.508,0.703,26.001,65.369,-213.196
1.837,0.639,0.856,46.204,72.510,-210.388
1.911,0.790,1.013,64.514,68.909,-206.787
2.078,0.924,1.127,78.918,68.237,-200.317
2.148,1.003,1.185,85.144,65.491,-189.026
2.143,1.224,1.222,84.045,56.946,-165.588
2.203,1.327,1.281,86.182,53.833,-142.761
2.197,1.402,1.315,87.830,54.565,-123.413
2.199,1.505,1.426,81.421,54.626,-103.516
2.189,1.605,1.543,63.904,48.401,-78.918
2.171,1.714,1.592,36.438,31.128,-44.434
2.104,1.768,1.648,7.141,4.517,-4.883
1.946,1.767,1.735,-17.334,-18.127,33.386
1.848,1.545,1.643,-34.119,-21.790,60.669
1.794,1.380,1.360,-44.861,-15.808,81.726
1.702,1.271,1.111,-56.030,-18.066,99.792
1.613,1.174,0.887,-55.298,-32.471,109.985
1.486,1.053,0.707,-41.809,-51.819,118.835
1.378,0.951,0.603,-24.902,-69.397,127.808
1.327,0.859,0.562,-12.207,-80.444,138.245
1.271,0.753,0.560,-3.479,-79.529,148.376
1.191,0.586,0.621,-1.221,-67.200,158.630
1.140,0.433,0.683,-10.315,-46.326,168.335
1.069,0.315,0.735,-26.184,-23.499,176.819
1.058,0.292,0.738,-42.542,-6.531,181.824
1.061,0.377,0.716,-52.734,5.127,185.242
0.996,0.411,0.714,-50.415,12.573,191.833
0.962,0.363,0.712,-38.635,15.625,202.393
0.924,0.309,0.703,-23.682,14.404,214.233
0.879,0.210,0.704,-8.423,9.094,222.473
0.803,0.133,0.721,0.610,4.272,227.417
0.685,0.077,0.735,2.930,2.930,233.032
0.605,0.009,0.721,-2.258,5.798,238.464
0.584,-0.058,0.704,-12.390,11.597,242.004
0.534,-0.104,0.712,-22.095,19.470,243.958
0.486,-0.106,0.711,-29.175,28.931,243.591
0.470,-0.084,0.679,-33.020,36.011,240.112
0.492,-0.090,0.674,-30.396,37.720,235.779
0.499,-0.146,0.673,-20.630,35.706,232.910
0.494,-0.260,0.710,-5.859,35.156,231.628
0.492,-0.403,0.786,8.667,35.950,232.727
0.490,-0.503,0.895,18.250,40.222,235.229
0.428,-0.605,1.017,19.836,47.668,233.398
0.376,-0.678,1.135,13.123,57.312,226.440
0.323,-0.676,1.197,0.122,65.125,218.262
0.312,-0.633,1.191,-13.916,66.833,210.999
0.304,-0.648,1.178,-17.578,61.340,205.872
0.287,-0.763,1.191,-10.254,53.101,205.200
0.272,-0.896,1.254,0.244,44.617,202.942
0.258,-1.001,1.311,5.310,38.818,193.848
0.219,-1.037,1.356,1.099,36.072,180.420
0.190,-1.055,1.378,-6.653,35.278,169.739
0.174,-1.025,1.377,-14.465,34.302,162.720
0.121,-1.073,1.375,-19.104,30.457,155.457
0.044,-1.134,1.389,-20.630,22.888,147.888
-0.025,-1.215,1.404,-21.851,17.700,139.709
-0.071,-1.266,1.393,-26.428,16.907,131.226
-0.087,-1.261,1.380,-34.302,18.005,121.704
-0.074,-1.224,1.332,-40.833,16.296,111.084
0.010,-1.151,1.246,-41.626,10.803,100.220
0.054,-1.008,1.165,-34.912,1.648,91.431
0.091,-0.933,1.091,-23.315,-6.287,83.740
0.153,-0.884,1.039,-15.747,-12.451,76.843
0.176,-0.829,1.001,-15.198,-14.954,70.251
0.144,-0.780,0.966,-18.677,-13.245,62.805
0.130,-0.762,0.930,-22.339,-8.423,56.335
0.109,-0.755,0.892,-21.973,-3.845,50.842
0.064,-0.750,0.880,-15.991,-0.793,45.349
0.029,-0.780,0.903,-7.507,1.709,39.734
-0.004,-0.769,0.935,1.282,5.249,32.104
-0.031,-0.679,0.976,8.179,5.920,22.583
-0.065,-0.602,1.022,13.428,0.366,15.564
-0.021,-0.495,1.029,16.663,-3.540,11.169
0.006,-0.369,1.039,14.282,-8.240,9.583
0.033,-0.264,1.030,8.850,-11.597,12.085
0.034,-0.172,0.989,2.258,-11.047,16.663
0.030,-0.116,0.948,-3.235,-8.545,21.606
0.034,-0.081,0.910,-6.287,-8.057,25.024
0.045,-0.089,0.896,-5.249,-8.972,26.672
0.043,-0.108,0.899,-0.305,-9.460,24.109
0.034,-0.099,0.909,6.409,-9.338,17.029
0.033,-0.066,0.918,14.648,-11.108,7.996
0.058,-0.018,0.926,24.231,-13.367,0.671
-0.054,-0.900,1.111,-10.742,-51.453,-47.546
-0.018,-0.890,1.041,-10.071,-57.312,-54.688
-0.002,-0.877,0.996,-10.559,-58.594,-60.242
0.003,-0.857,0.953,-11.841,-55.725,-65.125
0.011,-0.818,0.931,-13.245,-50.354,-70.374
0.023,-0.835,0.940,-12.817,-45.105,-74.707
0.005,-0.839,0.951,-10.986,-39.429,-81.665
-0.023,-0.835,1.002,-8.789,-35.217,-88.318
-0.036,-0.824,1.037,-5.310,-34.851,-95.825
-0.070,-0.792,1.060,-0.977,-38.025,-103.577
-0.078,-0.814,1.087,2.136,-43.701,-112.000
-0.095,-0.799,1.105,4.028,-47.119,-119.873
-0.108,-0.829,1.114,4.395,-49.500,-129.333
-0.113,-0.793,1.089,3.174,-50.964,-140.259
-0.132,-0.739,1.063,2.930,-52.124,-150.635
-0.123,-0.702,1.046,4.700,-53.223,-160.156
-0.141,-0.695,1.015,9.338,-54.138,-169.922
-0.097,-0.713,1.014,13.733,-52.185,-180.481
-0.064,-0.746,1.000,16.846,-48.645,-194.763
-0.028,-0.727,1.024,17.090,-51.086,-207.642
-0.019,-0.669,1.003,19.165,-50.476,-220.825
0.038,-0.635,0.981,24.292,-43.945,-234.558
0.055,-0.575,0.983,28.015,-45.471,-244.629
0.083,-0.520,0.971,31.128,-49.377,-252.930
0.115,-0.485,0.898,37.109,-48.523,-262.634
0.147,-0.432,0.826,43.518,-48.462,-270.996
0.165,-0.370,0.783,49.561,-51.270,-276.917
0.146,-0.337,0.803,56.274,-51.270,-280.273
0.129,-0.290,0.809,57.190,-47.607,-281.555
0.152,-0.226,0.742,49.927,-45.349,-284.058
0.258,-0.123,0.632,40.405,-45.532,-286.743
0.299,0.026,0.453,33.020,-46.875,-284.973
0.403,0.064,0.347,33.264,-39.246,-278.076
0.627,0.057,0.311,38.086,-20.569,-266.602
0.893,0.032,0.356,43.518,6.470,-255.554
1.115,0.091,0.482,48.828,37.842,-249.939
1.336,0.148,0.709,54.993,68.665,-250.916
1.539,0.288,0.894,60.791,92.407,-250.549
1.843,0.511,1.036,65.002,104.370,-241.577
2.087,0.689,1.251,71.655,98.694,-224.854
2.196,0.827,1.466,83.862,82.947,-205.078
2.275,0.925,1.619,89.172,66.284,-185.303
2.189,1.054,1.726,79.041,46.875,-165.100
2.115,1.156,1.656,59.570,41.016,-148.132
1.990,1.240,1.505,35.950,34.241,-131.409
1.951,1.303,1.383,15.015,24.658,-112.732
1.874,1.331,1.314,4.761,18.799,-95.947
1.820,1.402,1.283,1.221,17.700,-78.796
1.795,1.475,1.274,-0.366,12.207,-59.875
1.789,1.553,1.274,-1.343,-0.488,-38.818
1.778,1.591,1.267,-1.953,-14.099,-18.372
1.758,1.596,1.220,-1.770,-26.123,1.892
1.749,1.577,1.164,-2.197,-37.170,22.644
1.686,1.538,1.083,-5.066,-49.377,41.626
1.646,1.486,0.963,-9.033,-59.875,60.730
1.590,1.414,0.822,-10.803,-65.857,80.383
1.519,1.304,0.724,-10.437,-66.406,97.168
1.420,1.155,0.687,-10.010,-62.317,111.877
1.372,1.016,0.689,-11.047,-54.138,126.343
1.291,0.899,0.733,-12.390,-46.021,138.977
1.204,0.807,0.763,-14.832,-39.063,150.208
1.114,0.700,0.780,-19.531,-32.837,162.964
1.053,0.608,0.775,-27.039,-28.442,177.002
0.984,0.514,0.755,-37.720,-26.001,188.110
0.872,0.425,0.717,-49.133,-24.109,194.763
0.824,0.337,0.632,-60.242,-22.156,201.111
0.810,0.260,0.583,-68.970,-20.081,207.214
0.760,0.211,0.580,-71.289,-13.550,211.487
0.721,0.198,0.604,-70.129,-2.136,215.332
0.684,0.149,0.662,-66.284,10.742,220.337
0.689,0.123,0.709,-60.486,23.804,228.210
0.705,0.065,0.807,-54.504,33.630,235.596
0.673,-0.007,0.902,-49.744,40.833,239.502
0.654,-0.048,0.928,-48.035,46.448,240.173
0.658,-0.050,0.890,-46.753,45.837,239.197
0.676,-0.018,0.816,-39.246,37.720,240.112
0.664,-0.056,0.748,-24.902,26.917,244.080
0.634,-0.241,0.813,-6.104,18.188,251.709
0.555,-0.438,0.937,6.165,18.738,259.888
0.468,-0.576,1.024,4.639,30.090,261.597
0.375,-0.655,1.104,-6.165,44.678,256.714
0.274,-0.692,1.129,-16.235,55.603,248.779
0.234,-0.679,1.095,-19.897,58.594,238.708
0.226,-0.662,1.067,-14.526,51.331,228.027
0.127,-0.767,1.114,-0.854,39.490,219.238
0.044,-0.903,1.210,11.047,34.851,211.609
-0.035,-0.968,1.250,10.315,38.940,200.500
-0.086,-1.008,1.288,0.000,46.448,186.584
-0.121,-1.080,1.341,-10.193,54.077,174.927
-0.144,-1.123,1.358,-18.066,62.195,162.659
-0.137,-1.120,1.356,-25.269,68.176,146.851
-0.094,-1.071,1.336,-29.419,69.336,129.639
-0.059,-0.978,1.254,-26.672,65.186,114.807
-0.029,-0.917,1.191,-17.517,54.749,104.736
-0.026,-0.936,1.148,-6.287,44.250,100.037
-0.036,-0.933,1.118,0.366,36.255,96.741
-0.047,-0.911,1.079,0.183,34.058,92.834
-0.068,-0.929,1.040,-2.075,35.400,89.294
-0.071,-0.935,1.001,-3.662,37.354,85.999
-0.054,-0.948,1.011,-3.601,37.231,81.604
-0.069,-0.971,1.059,-1.770,34.790,76.172
-0.077,-0.966,1.086,-0.183,32.776,69.458
-0.081,-0.952,1.104,2.563,29.907,59.326
-0.073,-0.907,1.105,7.935,24.780,46.387
-0.062,-0.817,1.087,15.259,19.226,34.424
-0.058,-0.736,1.064,23.499,14.099,24.109
-0.025,-0.642,1.053,28.809,10.010,17.578
0.014,-0.592,1.090,29.236,6.470,15.320
0.013,-0.590,1.136,23.376,6.348,15.320
-0.007,-0.591,1.142,11.780,9.216,13.306
-0.033,-0.557,1.094,-0.061,10.010,8.545
-0.019,-0.489,1.035,-7.751,7.568,3.174
-0.005,-0.410,0.994,-8.606,5.493,-1.465
0.025,-0.329,0.953,-5.310,5.554,-4.456
0.061,-0.236,0.941,-2.258,7.446,-6.531
0.095,-0.164,0.946,-0.488,10.315,-7.690
0.145,-0.104,0.969,-0.122,12.573,-7.141
0.187,-0.059,1.006,-1.892,13.000,-3.967
0.218,-0.058,1.031,-5.066,11.963,0.732
-0.024,-0.974,1.241,-28.015,-6.531,-23.682
-0.029,-1.018,1.223,-28.809,-11.047,-33.691
-0.022,-1.043,1.193,-28.564,-17.090,-43.518
0.006,-1.071,1.175,-26.733,-22.522,-52.551
0.013,-1.109,1.112,-25.513,-23.315,-59.082
0.027,-1.154,1.086,-27.039,-25.940,-66.650
0.011,-1.094,1.052,-29.968,-26.367,-74.829
-0.020,-1.131,1.044,-30.945,-24.231,-80.994
-0.047,-1.118,1.022,-30.579,-23.865,-91.919
-0.072,-1.114,1.008,-26.245,-27.161,-102.966
-0.092,-1.145,1.022,-18.799,-32.593,-114.929
-0.123,-1.187,1.057,-12.329,-37.842,-128.479
-0.137,-1.190,1.078,-8.423,-40.405,-143.738
-0.135,-1.167,1.085,-4.883,-41.992,-160.095
-0.134,-1.117,1.091,-0.427,-43.762,-175.659
-0.133,-1.090,1.101,4.150,-44.556,-191.101
-0.094,-1.062,1.112,7.874,-42.786,-205.322
-0.106,-1.007,1.120,9.766,-39.063,-217.285
-0.055,-1.017,1.149,8.728,-33.081,-230.957
-0.066,-1.000,1.134,6.592,-30.823,-247.314
-0.001,-0.949,1.113,6.897,-29.541,-264.648
0.057,-0.944,1.107,10.559,-32.288,-279.114
0.064,-0.953,1.124,15.015,-38.940,-289.795
0.187,-0.955,1.106,17.761,-39.185,-302.734
0.281,-0.898,1.082,15.869,-37.659,-314.636
0.380,-0.850,1.070,11.292,-38.513,-325.195
0.435,-0.789,1.007,4.822,-36.804,-335.510
0.533,-0.733,0.888,-2.808,-34.668,-342.712
0.652,-0.691,0.760,-9.033,-35.889,-346.558
0.787,-0.636,0.663,-13.977,-37.964,-347.351
0.989,-0.532,0.538,-20.325,-38.513,-345.581
1.227,-0.397,0.443,-28.503,-39.734,-339.844
1.479,-0.231,0.361,-36.682,-39.795,-329.651
1.687,-0.059,0.254,-44.189,-35.217,-316.711
1.872,0.113,0.180,-50.781,-24.048,-302.368
2.136,0.254,0.099,-54.688,-8.972,-293.762
2.404,0.388,0.055,-42.603,4.395,-292.480
2.627,0.593,0.117,-8.484,18.616,-293.762
2.759,0.862,0.318,38.879,34.668,-290.955
2.871,1.084,0.679,83.679,50.781,-275.208
2.850,1.312,0.921,106.995,61.279,-245.728
2.863,1.442,1.142,106.873,62.134,-212.219
2.789,1.589,1.279,85.449,56.824,-175.354
2.757,1.683,1.284,53.040,52.979,-141.357
2.763,1.769,1.282,26.001,44.434,-108.154
2.669,1.863,1.298,6.592,21.362,-72.937
2.451,1.953,1.295,-5.249,-11.047,-38.147
2.065,1.938,1.249,-9.277,-41.260,-10.437
2.341,1.626,1.088,1.465,-47.913,5.371
2.248,1.615,0.936,19.104,-33.875,19.165
2.181,1.685,0.607,43.091,15.747,39.551
2.393,1.583,0.415,50.598,51.025,67.810
2.086,1.478,0.604,25.635,15.137,100.647
2.031,1.311,0.804,2.014,-20.508,130.188
2.018,1.099,0.780,-2.625,-35.583,154.480
1.928,0.988,0.698,4.578,-39.856,178.589
1.857,0.896,0.597,13.977,-49.011,200.195
1.749,0.783,0.570,16.296,-74.036,216.919
1.640,0.663,0.524,14.832,-90.088,232.361
1.483,0.449,0.529,16.113,-92.712,246.887
1.343,0.259,0.480,15.991,-85.693,253.296
1.198,0.113,0.489,15.137,-71.594,251.587
1.030,0.030,0.526,14.282,-56.519,252.014
0.938,-0.034,0.590,11.414,-42.969,256.836
0.870,-0.100,0.615,6.287,-34.485,260.010
0.822,-0.123,0.640,3.052,-24.719,261.230
0.752,-0.118,0.622,2.869,-18.433,260.742
0.754,-0.126,0.556,3.967,-20.386,260.742
0.812,-0.201,0.546,10.681,-23.193,263.977
0.840,-0.258,0.565,18.860,-21.912,268.494
0.838,-0.332,0.607,22.888,-15.015,271.301
0.794,-0.453,0.673,24.231,-7.080,274.475
0.760,-0.593,0.750,22.461,3.540,278.748
0.706,-0.735,0.854,18.433,16.113,281.006
0.639,-0.830,0.931,13.977,29.053,279.114
0.604,-0.914,0.989,10.864,40.100,272.827
0.528,-0.969,1.053,10.376,44.495,264.404
0.465,-0.994,1.127,9.460,41.199,255.920
0.391,-0.990,1.163,8.484,38.879,246.704
0.320,-0.981,1.187,6.775,33.936,238.770
0.259,-0.985,1.188,4.456,26.794,232.544
0.199,-1.036,1.182,1.160,20.996,226.868
0.151,-1.061,1.163,-5.676,18.311,219.849
0.091,-1.052,1.125,-13.733,20.020,210.754
0.032,-1.019,1.057,-21.973,23.071,199.707
0.005,-1.027,1.018,-26.123,24.536,189.148
-0.091,-1.090,1.062,-25.269,23.010,181.396
-0.128,-1.181,1.114,-23.010,25.330,171.265
-0.130,-1.145,1.108,-25.024,26.489,156.006
-0.081,-1.098,1.126,-25.513,28.381,142.212
-0.046,-1.050,1.123,-21.667,28.503,129.150
0.031,-1.036,1.126,-20.020,25.696,117.737
0.058,-1.004,1.125,-20.264,24.719,107.544
0.062,-0.977,1.123,-22.339,24.597,98.999
0.062,-0.952,1.114,-26.184,23.865,91.858
0.040,-0.928,1.096,-28.809,22.949,86.182
0.026,-0.923,1.102,-30.029,21.362,81.055
-0.011,-0.912,1.080,-28.809,19.958,73.608
-0.032,-0.901,1.047,-24.658,17.395,62.134
-0.054,-0.882,1.013,-15.076,12.268,50.293
-0.036,-0.857,0.991,-0.488,5.859,40.039
0.007,-0.803,0.991,16.052,0.854,30.518
-0.006,-0.736,0.975,27.771,-5.005,23.315
0.047,-0.735,0.968,33.142,-7.812,18.860
0.090,-0.653,0.945,32.715,-7.568,13.794
0.042,-0.586,0.999,26.855,-8.972,14.648
0.017,-0.583,1.014,18.616,-4.089,19.714
0.036,-0.556,0.949,7.385,9.094,20.081
0.034,-0.506,0.918,-1.892,18.250,17.395
0.036,-0.461,0.916,-5.127,19.653,14.771
0.028,-0.402,0.902,-1.343,15.137,11.536
0.024,-0.349,0.904,7.751,8.057,8.118
0.035,-0.324,0.925,18.677,1.160,5.432
0.056,-0.316,0.936,26.672,-4.761,3.052
0.059,-0.288,0.932,29.480,-9.705,-0.916
0.061,-0.245,0.908,29.846,-10.864,-5.188
0.065,-0.199,0.879,29.602,-10.864,-8.362
0.086,-0.189,0.877,29.053,-10.132,-10.010
0.077,-0.155,0.862,27.344,-10.559,-10.803
0.002,-1.377,1.162,-33.752,-17.151,-29.785
-0.019,-1.389,1.137,-38.147,-17.639,-43.152
-0.013,-1.381,1.112,-36.682,-18.311,-57.068
-0.011,-1.374,1.083,-31.921,-20.020,-69.824
0.000,-1.305,1.078,-28.198,-24.048,-83.740
-0.012,-1.330,1.093,-24.109,-27.100,-93.384
-0.017,-1.319,1.075,-23.010,-28.137,-104.553
-0.021,-1.319,1.089,-25.146,-28.748,-114.563
-0.039,-1.296,1.073,-27.344,-29.480,-125.916
-0.063,-1.271,1.048,-29.053,-30.396,-137.756
-0.074,-1.246,1.027,-29.114,-33.508,-149.475
-0.075,-1.233,1.020,-26.001,-39.734,-162.231
-0.049,-1.208,1.020,-20.203,-45.654,-178.101
-0.039,-1.162,1.011,-13.916,-49.561,-195.557
0.018,-1.132,1.004,-7.385,-50.049,-212.708
0.061,-1.064,0.983,-1.587,-49.866,-228.333
0.110,-1.003,0.973,2.747,-47.729,-242.065
0.213,-0.961,0.947,6.348,-42.114,-254.578
0.211,-0.922,0.956,10.925,-35.950,-264.771
0.284,-0.915,1.008,16.663,-25.452,-273.132
0.349,-0.892,1.046,17.212,-22.644,-279.907
0.450,-0.868,1.037,14.465,-23.071,-289.673
0.567,-0.825,1.037,12.329,-27.893,-297.363
0.658,-0.757,1.048,16.968,-30.334,-305.359
0.729,-0.674,1.065,25.330,-28.870,-313.965
0.772,-0.630,1.084,29.053,-30.762,-319.153
0.809,-0.565,1.081,25.879,-35.156,-320.129
0.843,-0.502,1.024,16.357,-40.283,-318.542
0.864,-0.406,0.938,3.113,-45.471,-313.721
0.917,-0.321,0.820,-9.705,-51.147,-305.969
1.056,-0.261,0.677,-18.921,-55.054,-296.387
1.242,-0.172,0.565,-22.949,-54.016,-287.537
1.375,-0.013,0.519,-22.400,-44.373,-281.738
1.465,0.199,0.497,-18.921,-29.053,-279.480
1.544,0.433,0.457,-12.451,-14.038,-278.870
1.505,0.664,0.435,-4.761,-6.531,-272.888
1.811,0.794,0.496,3.296,3.418,-252.747
1.997,0.806,0.566,12.878,13.367,-237.610
2.137,0.840,0.671,22.949,20.935,-224.243
2.317,0.936,0.819,38.513,30.518,-212.769
2.438,1.005,1.074,58.167,40.161,-202.332
2.511,1.234,1.306,69.214,42.847,-187.561
2.619,1.430,1.470,72.266,38.757,-170.593
2.743,1.642,1.559,70.862,32.837,-148.132
2.729,1.869,1.667,52.185,4.700,-117.676
2.538,2.073,1.720,18.982,-34.729,-85.571
2.249,2.176,1.742,-12.634,-68.359,-50.537
2.115,2.003,1.601,-21.973,-60.425,-21.667
2.425,1.818,1.147,-13.184,-1.831,-0.916
2.260,1.778,0.867,0.061,40.344,26.001
2.164,1.776,0.556,2.502,53.833,64.819
1.975,1.625,0.495,-8.179,24.963,99.182
1.796,1.374,0.523,-16.846,-20.508,119.507
1.686,1.182,0.586,-9.705,-54.565,141.602
1.629,1.090,0.608,9.277,-68.604,167.053
1.635,0.919,0.619,25.635,-69.824,180.481
1.589,0.774,0.699,28.931,-69.031,187.988
1.517,0.679,0.774,18.066,-69.336,198.059
1.483,0.568,0.768,-0.671,-57.617,207.092
1.345,0.454,0.725,-19.104,-43.701,215.881
1.248,0.348,0.655,-31.372,-27.954,222.778
1.142,0.251,0.597,-33.813,-13.672,226.562
1.013,0.142,0.642,-29.419,-2.930,230.957
0.845,0.051,0.670,-23.376,4.211,235.352
0.750,-0.045,0.692,-21.240,7.324,238.953
0.647,-0.065,0.703,-21.606,9.827,240.967
0.590,-0.055,0.694,-24.902,10.132,241.882
0.563,-0.032,0.614,-28.076,5.493,243.225
0.578,-0.041,0.564,-25.696,1.343,246.765
0.543,-0.135,0.582,-17.212,2.808,252.441
0.521,-0.257,0.635,-10.254,12.085,258.911
0.489,-0.339,0.669,-10.376,24.353,262.573
0.451,-0.407,0.689,-13.306,37.292,261.658
0.462,-0.489,0.738,-14.771,48.523,260.071
0.461,-0.549,0.783,-11.353,57.007,258.057
0.437,-0.670,0.856,-4.578,64.575,253.967
0.372,-0.791,0.987,3.906,72.144,249.023
0.296,-0.875,1.132,7.629,72.571,245.850
0.251,-0.934,1.246,6.897,72.632,239.075
0.209,-0.961,1.339,3.906,70.313,230.408
0.179,-0.965,1.395,-0.549,65.063,223.450
0.161,-0.975,1.408,-5.554,57.983,216.248
0.124,-1.015,1.419,-10.437,49.561,206.726
0.080,-1.054,1.437,-13.855,41.748,195.862
0.038,-1.063,1.432,-16.541,36.438,183.167
0.011,-1.028,1.382,-19.470,31.555,170.105
0.000,-1.016,1.325,-21.362,25.146,157.471
-0.038,-1.031,1.292,-21.118,20.264,146.729
-0.058,-1.064,1.280,-19.714,22.156,138.184
-0.070,-1.053,1.247,-24.475,22.034,128.357
-0.109,-1.032,1.178,-31.006,25.085,116.638
-0.075,-0.987,1.113,-34.058,27.771,106.567
-0.021,-0.955,1.085,-33.386,25.208,100.830
0.051,-0.956,1.062,-28.748,26.245,92.285
0.071,-0.934,1.071,-22.034,30.518,82.397
0.073,-0.934,1.086,-16.235,30.273,73.547
0.086,-0.932,1.099,-12.085,26.062,65.613
0.118,-0.910,1.117,-10.132,20.020,59.082
0.118,-0.876,1.125,-8.484,13.062,52.612
0.099,-0.819,1.099,-7.080,7.385,46.326
0.090,-0.784,1.057,-7.141,2.258,41.626
0.079,-0.769,1.021,-8.667,-2.258,37.720
0.061,-0.733,0.977,-10.742,-3.296,32.593
0.034,-0.670,0.941,-13.184,-1.831,25.818
0.009,-0.578,0.896,-13.550,-0.793,18.188
-0.007,-0.489,0.857,-9.644,-1.648,10.986
0.001,-0.411,0.836,-2.686,-3.662,6.165
-0.001,-0.361,0.851,3.784,-4.395,2.869
-0.015,-0.303,0.864,5.920,-3.601,0.610
0.004,-0.252,0.859,3.967,-0.732,-0.305
0.026,-0.205,0.853,2.441,2.930,-0.427
0.024,-0.175,0.855,3.418,5.554,-0.122
0.025,-0.160,0.879,5.920,7.080,0.183
0.028,-0.153,0.899,7.751,6.836,-0.183
0.041,-0.146,0.913,8.301,5.920,-2.075
0.050,-0.118,0.925,9.766,5.005,-4.883
0.070,-0.078,0.936,12.695,3.235,-8.362
0.101,-0.033,0.924,16.235,0.977,-10.559
0.113,-0.009,0.942,18.799,-1.892,-11.230
0.049,-1.115,1.262,-28.320,-8.545,-14.465
0.031,-1.156,1.246,-36.682,-14.954,-22.156
0.021,-1.192,1.193,-42.419,-22.339,-30.518
-0.003,-1.201,1.151,-45.288,-30.029,-38.757
-0.035,-1.220,1.108,-43.152,-33.569,-47.241
-0.023,-1.196,1.072,-40.161,-38.269,-57.861
-0.075,-1.195,1.046,-37.598,-39.490,-66.406
-0.087,-1.203,1.019,-35.828,-39.612,-75.500
-0.090,-1.195,0.996,-36.194,-39.001,-84.412
-0.133,-1.236,1.003,-35.583,-35.889,-94.299
-0.148,-1.274,1.022,-37.109,-31.250,-108.582
-0.182,-1.236,1.037,-39.246,-29.175,-126.770
-0.191,-1.165,1.032,-37.781,-30.396,-146.423
-0.191,-1.073,1.025,-32.104,-35.400,-164.185
-0.153,-1.024,1.016,-22.034,-40.527,-178.406
-0.052,-0.995,1.022,-11.230,-41.443,-191.467
-0.069,-0.946,1.010,-4.944,-41.016,-204.651
0.030,-0.944,0.998,-1.282,-34.790,-220.215
0.112,-0.870,0.984,-0.610,-31.067,-234.070
0.178,-0.780,0.983,-1.221,-29.541,-243.896
0.245,-0.755,1.008,0.671,-27.100,-252.930
0.278,-0.748,1.022,2.869,-24.536,-261.475
0.371,-0.736,1.018,7.446,-25.940,-271.240
0.478,-0.733,1.061,15.747,-34.973,-280.457
0.557,-0.645,1.083,28.442,-44.983,-290.100
0.556,-0.601,1.109,43.701,-51.880,-298.401
0.594,-0.548,1.089,53.711,-54.565,-302.734
0.662,-0.505,1.049,51.941,-56.274,-303.650
0.740,-0.462,1.036,41.504,-56.702,-302.856
0.830,-0.421,1.034,25.940,-54.443,-300.415
0.861,-0.326,1.000,8.362,-47.546,-294.983
0.942,-0.268,0.905,-9.460,-41.321,-289.978
1.098,-0.194,0.777,-26.672,-40.588,-284.851
1.643,-0.142,0.668,-35.889,-41.809,-279.907
1.429,0.282,0.628,-38.635,-42.969,-261.414
1.820,0.408,0.381,-24.048,-7.324,-243.530
1.931,0.547,0.431,-19.775,-18.372,-248.352
2.123,0.568,0.500,-12.634,-18.127,-260.010
2.432,0.731,0.551,10.193,-4.517,-262.573
2.580,1.010,0.744,39.551,1.770,-249.634
2.908,1.304,0.958,71.045,24.658,-221.619
3.081,1.571,1.164,87.463,21.851,-194.946
3.020,1.823,1.450,85.938,-5.493,-176.392
2.833,1.983,1.748,74.585,-29.419,-157.166
2.736,2.013,1.872,63.538,-20.569,-130.188
2.695,2.127,1.584,46.021,13.428,-85.571
2.590,2.176,1.258,11.841,10.803,-35.828
2.419,2.113,1.086,-38.940,-34.119,1.587
1.827,2.099,0.920,-89.722,-91.797,34.668
1.951,1.683,0.846,-100.220,-101.807,53.589
1.783,1.394,0.646,-61.340,-59.448,59.937
1.537,1.349,0.276,3.357,15.381,70.801
1.836,1.238,0.012,59.753,93.079,99.792
1.557,1.193,0.078,54.932,68.481,130.737
1.401,0.996,0.431,10.742,4.578,147.705
1.367,0.794,0.636,-17.212,-25.513,162.354
1.308,0.701,0.702,-17.517,-25.635,180.115
1.283,0.634,0.678,-7.446,-10.742,200.500
1.222,0.538,0.686,-2.625,-10.498,215.454
1.128,0.469,0.739,-6.592,-20.630,226.257
1.027,0.401,0.781,-13.611,-23.987,236.511
0.920,0.321,0.756,-20.569,-18.250,243.286
0.875,0.222,0.697,-25.146,-8.789,245.178
0.825,0.157,0.641,-24.780,-3.174,243.164
0.743,0.116,0.611,-20.020,-4.456,243.042
0.709,0.053,0.599,-13.062,-6.348,246.033
0.704,-0.054,0.629,-4.944,-3.967,250.916
0.641,-0.169,0.727,-1.160,2.197,255.371
0.583,-0.254,0.826,-4.028,13.611,255.920
0.537,-0.273,0.860,-12.878,22.095,256.042
0.535,-0.261,0.858,-20.691,30.090,255.432
0.538,-0.247,0.837,-21.790,34.973,254.578
0.538,-0.268,0.826,-17.761,33.630,255.798
0.524,-0.352,0.833,-9.460,31.189,257.690
0.471,-0.503,0.896,-0.977,29.541,258.240
0.435,-0.652,0.981,2.441,31.677,256.409
0.384,-0.732,1.071,-0.549,41.260,251.221
0.288,-0.755,1.138,-5.798,57.373,242.065
0.205,-0.769,1.185,-11.841,69.580,231.262
0.151,-0.767,1.193,-16.541,71.228,222.412
0.109,-0.772,1.197,-18.005,66.162,214.539
0.044,-0.832,1.237,-14.648,58.655,205.627
0.006,-0.876,1.275,-11.047,53.223,196.045
-0.035,-0.911,1.296,-9.155,49.561,183.899
-0.120,-0.899,1.324,-9.277,46.021,171.326
-0.174,-0.908,1.314,-11.536,42.908,160.522
-0.122,-0.912,1.284,-15.991,39.307,150.635
-0.116,-0.887,1.244,-21.729,33.020,140.625
-0.099,-0.896,1.231,-26.062,30.823,129.150
-0.048,-0.903,1.200,-26.611,33.691,116.638
-0.004,-0.863,1.199,-27.039,33.203,107.666
0.068,-0.882,1.243,-24.658,36.316,102.661
0.107,-0.871,1.278,-23.071,44.373,94.971
0.129,-0.839,1.300,-25.635,54.199,86.609
0.151,-0.794,1.293,-33.752,56.458,80.078
0.178,-0.733,1.266,-42.419,52.673,75.745
0.183,-0.663,1.207,-44.250,45.044,70.618
0.197,-0.619,1.146,-38.635,32.288,64.819
0.180,-0.551,1.065,-27.405,16.968,61.340
0.188,-0.527,1.011,-12.817,2.441,57.312
0.200,-0.516,0.995,1.038,-10.376,52.979
0.191,-0.502,0.984,11.963,-18.860,49.255
0.163,-0.487,0.973,19.104,-21.729,45.898
0.141,-0.469,0.951,21.851,-21.423,42.175
0.103,-0.448,0.929,22.583,-19.714,37.720
0.076,-0.439,0.935,24.170,-16.846,33.997
0.055,-0.423,0.931,25.574,-13.672,30.029
0.019,-0.411,0.951,26.550,-13.550,25.208
0.009,-0.380,0.978,26.855,-12.939,20.142
0.012,-0.327,0.988,26.733,-9.460,14.526
0.034,-0.260,0.999,24.841,-7.324,9.338
0.050,-0.205,1.009,22.034,-6.042,5.554
0.061,-0.154,1.001,20.325,-6.226,3.113
0.091,-0.107,0.985,19.714,-6.775,2.014
0.109,-0.063,0.964,19.775,-6.470,0.427
0.133,-0.015,0.963,18.494,-5.310,-1.221
0.138,0.015,0.976,16.418,-4.700,-1.831
0.141,0.021,0.984,15.137,-3.235,-2.625
0.120,0.027,0.999,13.794,-3.418,-3.357
-0.017,-1.071,1.126,-21.912,-26.489,-34.180
-0.047,-1.098,1.102,-19.592,-28.809,-42.358
-0.038,-1.083,1.087,-19.348,-32.593,-53.406
-0.067,-1.115,1.089,-18.494,-35.767,-63.416
-0.051,-1.110,1.050,-18.005,-38.208,-76.050
-0.043,-1.062,1.033,-18.250,-40.955,-88.928
-0.043,-1.043,1.039,-15.991,-41.321,-102.600
-0.049,-0.994,1.001,-13.611,-41.077,-114.380
-0.081,-0.948,1.005,-9.399,-40.527,-124.451
-0.038,-0.953,0.990,-5.371,-40.100,-135.559
-0.036,-0.958,0.997,-0.977,-41.321,-145.203
-0.028,-0.919,1.020,2.991,-40.344,-154.602
0.048,-0.931,1.062,8.423,-34.973,-166.382
0.010,-0.924,1.095,12.756,-30.884,-179.016
0.065,-0.946,1.139,15.930,-24.048,-194.885
0.097,-0.910,1.135,16.968,-24.353,-210.876
0.145,-0.849,1.164,16.663,-31.738,-222.046
0.224,-0.781,1.167,19.958,-38.025,-231.689
0.233,-0.745,1.146,27.771,-40.222,-242.737
0.267,-0.748,1.130,34.729,-40.222,-252.808
0.339,-0.749,1.138,36.438,-45.654,-259.338
0.383,-0.722,1.136,40.222,-48.157,-266.968
0.408,-0.683,1.142,47.058,-43.274,-277.039
0.421,-0.690,1.135,51.636,-38.086,-287.048
0.376,-0.687,1.118,50.598,-36.377,-294.128
0.382,-0.688,1.073,43.945,-36.133,-300.476
0.395,-0.680,1.005,34.058,-37.231,-306.030
0.423,-0.653,0.914,24.170,-38.330,-309.753
0.488,-0.624,0.845,15.930,-38.330,-312.500
0.573,-0.568,0.753,9.644,-34.607,-315.247
0.692,-0.485,0.654,3.296,-26.306,-318.115
0.849,-0.414,0.554,-3.418,-16.785,-319.763
1.018,-0.338,0.475,-10.010,-8.301,-320.740
1.228,-0.232,0.444,-12.024,2.808,-319.824
1.471,-0.110,0.406,-8.728,15.686,-319.397
1.715,0.035,0.414,-1.648,27.588,-317.139
1.961,0.172,0.486,6.409,39.063,-311.707
2.086,0.370,0.591,15.686,49.866,-293.152
2.342,0.497,0.617,22.339,67.078,-272.400
2.687,0.664,0.688,21.973,72.632,-259.338
2.940,0.925,0.894,21.851,60.913,-252.441
3.164,1.276,1.209,30.029,48.889,-237.366
3.215,1.653,1.485,41.077,43.518,-211.304
3.191,2.010,1.630,41.687,35.278,-165.344
3.061,2.300,1.641,20.447,8.057,-112.549
2.781,2.431,1.610,-17.822,-36.316,-65.613
2.589,2.325,1.642,-54.565,-67.017,-23.743
2.361,2.158,1.400,-73.853,-70.007,14.771
2.085,1.845,1.124,-65.918,-58.533,44.434
1.929,1.521,0.777,-26.917,-11.292,67.261
1.732,1.335,0.278,12.512,23.437,92.346
1.735,1.190,0.095,33.691,33.691,121.704
1.496,1.123,0.223,21.606,5.005,153.748
1.447,1.000,0.275,5.676,-4.395,171.814
1.463,0.887,0.308,2.563,4.822,185.059
1.366,0.815,0.416,1.343,3.296,198.364
1.245,0.712,0.563,-6.165,-14.160,213.196
1.267,0.531,0.670,-9.216,-24.414,225.220
1.259,0.378,0.696,-6.531,-27.100,233.276
1.187,0.247,0.719,-2.075,-26.062,234.375
1.130,0.208,0.698,-0.671,-24.231,231.812
1.070,0.262,0.627,-2.380,-24.841,232.056
1.052,0.293,0.563,-2.869,-26.917,236.328
1.031,0.289,0.504,-2.197,-24.719,242.920
1.030,0.219,0.502,0.977,-15.625,250.122
0.966,0.135,0.534,2.991,-7.080,258.301
0.938,0.015,0.598,3.418,8.789,265.076
0.865,-0.140,0.697,2.014,23.254,268.921
0.812,-0.240,0.826,1.465,33.081,269.714
0.699,-0.284,0.914,2.197,35.278,267.761
0.621,-0.338,0.964,5.493,32.837,263.428
0.558,-0.339,0.956,11.108,27.527,263.367
0.534,-0.331,0.892,15.259,17.883,267.090
0.534,-0.397,0.820,18.372,6.531,270.325
0.512,-0.531,0.811,20.569,0.427,273.865
0.467,-0.698,0.877,19.897,5.005,277.466
0.417,-0.847,0.969,14.282,19.104,276.672
0.344,-0.961,1.034,4.578,38.757,267.334
0.257,-1.001,1.141,-5.493,59.326,253.601
0.161,-1.022,1.243,-14.160,68.237,240.662
0.126,-1.028,1.301,-18.799,72.083,226.501
0.085,-1.033,1.359,-21.362,70.618,211.792
0.041,-1.008,1.433,-21.912,64.819,199.219
0.024,-0.980,1.444,-21.912,55.847,187.805
0.031,-0.955,1.419,-21.301,43.579,175.476
0.058,-0.921,1.361,-19.348,30.518,164.490
0.087,-0.869,1.279,-17.273,19.653,154.907
0.129,-0.823,1.205,-16.052,12.451,146.606
0.177,-0.848,1.172,-14.648,10.864,140.198
0.190,-0.874,1.178,-13.428,15.381,133.118
0.182,-0.875,1.186,-15.442,23.499,124.756
0.188,-0.870,1.186,-19.897,31.250,116.272
0.182,-0.860,1.186,-22.766,35.400,109.497
0.186,-0.829,1.184,-24.902,36.682,103.577
0.200,-0.772,1.152,-25.818,36.987,96.985
0.215,-0.731,1.122,-25.818,34.668,91.248
0.195,-0.711,1.123,-24.841,30.273,87.769
0.187,-0.704,1.116,-23.376,23.743,84.229
0.146,-0.701,1.108,-21.484,15.625,80.200
0.119,-0.690,1.097,-18.982,8.423,76.965
0.119,-0.701,1.081,-15.930,2.930,72.327
0.108,-0.731,1.074,-11.292,-1.648,65.369
0.071,-0.717,1.043,-4.456,-3.784,57.007
0.032,-0.699,1.000,4.822,-3.784,48.645
0.013,-0.698,0.968,12.329,-2.502,41.138
0.014,-0.696,0.964,16.357,0.793,34.119
0.025,-0.682,0.981,18.127,3.479,25.940
0.001,-0.618,0.981,17.273,0.305,17.700
0.016,-0.565,0.988,16.968,-0.427,14.160
0.043,-0.535,0.967,15.625,0.916,14.526
0.072,-0.478,0.926,10.376,2.502,14.709
0.061,-0.425,0.919,3.174,3.357,15.869
0.064,-0.387,0.911,-4.517,4.944,16.907
0.060,-0.383,0.909,-10.681,6.836,15.930
0.053,-0.362,0.914,-15.442,7.874,10.620
0.050,-0.294,0.920,-16.968,5.859,2.930
0.039,-0.184,0.918,-11.169,1.526,-3.113
0.048,-0.115,0.906,-0.793,-4.150,-6.958
0.065,-0.076,0.901,8.301,-12.329,-9.277
-0.092,-0.842,1.063,9.583,-25.635,-65.979
-0.090,-0.814,1.033,9.827,-24.170,-72.144
-0.069,-0.787,1.013,8.606,-22.278,-78.247
-0.053,-0.758,0.981,5.981,-19.043,-84.045
-0.035,-0.713,0.952,2.014,-14.893,-90.515
-0.028,-0.670,0.924,-2.869,-9.155,-98.572
-0.029,-0.643,0.904,-9.583,-2.686,-105.591
-0.037,-0.652,0.908,-17.456,5.798,-113.098
-0.001,-0.688,0.917,-22.888,12.756,-125.366
-0.022,-0.667,0.906,-22.888,13.489,-141.174
0.057,-0.624,0.899,-15.808,11.169,-157.410
0.080,-0.558,0.900,-3.601,1.221,-168.579
0.105,-0.543,0.941,10.559,-11.353,-175.598
0.157,-0.551,0.956,23.682,-18.433,-182.495
0.176,-0.559,0.974,33.508,-21.362,-189.880
0.202,-0.564,0.972,37.354,-23.987,-198.242
0.234,-0.551,0.999,36.560,-30.457,-204.224
0.250,-0.539,1.016,38.147,-31.067,-211.243
0.239,-0.546,1.032,42.297,-24.475,-219.604
0.214,-0.547,1.069,44.922,-19.043,-226.013
0.229,-0.582,1.127,45.410,-17.883,-230.408
0.247,-0.622,1.183,42.542,-17.395,-235.229
0.233,-0.654,1.248,35.217,-15.808,-242.676
0.202,-0.690,1.311,23.865,-14.893,-252.319
0.183,-0.712,1.340,11.230,-15.808,-262.634
0.192,-0.713,1.331,0.244,-19.165,-271.667
0.232,-0.723,1.292,-9.338,-26.367,-278.992
0.275,-0.705,1.214,-17.273,-35.034,-283.264
0.394,-0.707,1.106,-22.522,-40.955,-286.682
0.557,-0.723,0.987,-27.710,-43.823,-293.091
0.715,-0.690,0.878,-33.264,-41.321,-303.223
0.884,-0.654,0.788,-42.847,-33.081,-317.810
1.063,-0.644,0.703,-55.908,-23.804,-341.003
1.315,-0.508,0.573,-73.853,-14.954,-366.699
1.578,-0.189,0.417,-88.989,-13.123,-389.160
1.830,0.232,0.299,-85.876,-21.545,-393.127
2.027,0.542,0.247,-57.007,-32.471,-368.713
2.355,0.680,0.253,-15.442,-35.156,-328.491
2.665,0.811,0.349,27.039,-26.367,-286.926
2.995,1.059,0.557,63.293,-6.958,-254.517
3.181,1.345,0.866,91.736,15.808,-228.638
3.263,1.744,1.154,110.474,34.973,-199.524
3.177,2.096,1.383,113.159,41.016,-158.997
2.986,2.219,1.530,98.083,30.457,-110.352
2.799,2.201,1.492,70.923,7.935,-55.786
2.534,2.088,1.335,35.706,-28.687,-2.747
2.288,1.933,1.168,0.122,-76.172,47.913
1.986,1.749,0.957,-25.818,-121.704,93.567
1.882,1.442,0.827,-33.325,-140.076,125.366
1.604,1.166,0.674,-20.691,-137.634,140.442
1.512,0.905,0.578,7.507,-85.144,145.874
1.357,0.837,0.389,38.391,-19.958,158.813
1.254,0.762,0.488,43.579,1.404,181.580
1.147,0.657,0.597,27.466,8.606,194.275
1.165,0.519,0.749,7.690,25.513,200.989
1.162,0.415,0.846,-5.493,43.213,202.515
1.127,0.378,1.001,-20.935,34.424,208.435
1.090,0.343,1.106,-31.677,17.029,218.079
1.120,0.277,1.144,-32.043,7.690,227.112
1.169,0.222,1.129,-24.780,4.639,235.657
1.090,0.180,1.120,-19.470,-4.028,242.981
1.062,0.130,1.089,-22.339,-15.381,249.023
1.060,0.123,0.993,-24.963,-15.808,255.859
1.027,0.091,0.902,-22.522,-11.047,263.306
0.940,-0.012,0.867,-21.362,-8.728,267.212
0.828,-0.158,0.896,-23.254,-10.376,270.325
0.746,-0.271,0.927,-24.658,-8.118,274.475
0.651,-0.374,0.999,-26.733,0.061,276.367
0.549,-0.448,1.055,-29.358,9.155,274.536
0.424,-0.450,1.081,-33.264,13.428,271.423
0.367,-0.442,1.049,-37.170,12.512,267.395
0.302,-0.464,1.001,-37.415,6.287,265.015
0.242,-0.537,0.968,-32.471,1.648,265.259
0.174,-0.623,0.968,-26.245,1.709,265.503
0.119,-0.751,0.980,-23.071,7.568,263.062
0.043,-0.841,1.017,-23.865,21.301,253.540
-0.040,-0.884,1.075,-30.396,33.325,240.967
-0.098,-0.886,1.121,-37.598,43.945,225.525
-0.155,-0.884,1.169,-42.053,48.523,210.876
-0.181,-0.869,1.199,-44.373,49.561,199.951
-0.192,-0.842,1.213,-45.715,46.814,190.002
-0.190,-0.829,1.219,-44.861,40.649,179.382
-0.172,-0.821,1.207,-43.030,33.020,169.495
-0.114,-0.783,1.155,-41.931,26.917,160.767
-0.042,-0.751,1.092,-40.710,22.949,152.100
0.003,-0.731,1.046,-39.856,20.874,142.578
0.028,-0.707,1.025,-39.795,22.583,132.629
0.034,-0.693,0.994,-39.856,25.513,123.840
0.007,-0.679,1.000,-38.696,26.062,118.347
0.016,-0.706,0.981,-34.424,32.715,109.375
0.046,-0.698,0.988,-32.593,32.410,104.675
0.054,-0.697,1.021,-32.837,26.672,102.234
0.056,-0.723,1.027,-32.654,32.532,93.262
0.053,-0.732,1.001,-33.203,41.992,82.947
0.046,-0.681,0.985,-35.522,42.480,77.515
0.044,-0.652,0.990,-36.438,37.598,73.425
0.055,-0.645,0.981,-35.034,32.715,68.237
0.073,-0.633,0.969,-31.372,24.963,62.988
0.090,-0.630,0.975,-23.437,14.954,56.641
0.102,-0.625,1.006,-12.756,5.737,48.340
0.108,-0.609,1.031,-2.014,0.305,38.940
0.120,-0.568,1.049,5.920,-0.916,31.250
0.121,-0.510,1.064,9.277,-1.343,25.574
0.110,-0.464,1.063,8.972,-2.075,21.484
0.110,-0.401,1.048,5.676,-1.953,19.104
0.127,-0.373,1.025,2.441,-2.686,17.029
0.122,-0.345,1.020,1.160,-3.357,15.381
0.132,-0.299,1.012,3.113,-1.526,13.489
0.098,-0.263,1.012,7.812,1.587,12.512
0.090,-0.250,0.978,14.282,5.615,11.597
0.084,-0.219,0.978,18.066,2.014,14.465
0.099,-0.225,0.996,20.081,-0.366,15.503
0.097,-0.218,0.997,20.508,6.287,13.062
0.091,-0.197,1.006,19.226,11.780,10.986
0.075,-0.175,1.038,15.930,13.123,9.155
0.056,-0.160,1.062,14.099,12.146,5.249
0.060,-0.131,1.073,14.954,8.667,2.258
0.060,-0.101,1.075,17.883,1.404,1.343
0.062,-0.084,1.076,21.362,-3.906,0.488
-0.120,-0.801,1.000,31.372,-51.086,-67.749
-0.139,-0.799,1.010,30.334,-50.659,-76.538
-0.165,-0.798,1.001,25.757,-46.143,-85.693
-0.184,-0.788,0.996,20.935,-41.016,-95.459
-0.202,-0.781,0.973,18.005,-39.368,-105.896
-0.208,-0.753,0.945,17.090,-40.771,-116.760
-0.205,-0.719,0.897,20.813,-42.664,-128.235
-0.210,-0.670,0.841,28.442,-45.227,-139.038
-0.167,-0.656,0.818,37.720,-45.288,-148.437
-0.121,-0.638,0.804,48.340,-42.297,-158.630
-0.085,-0.613,0.831,55.420,-42.053,-166.077
-0.059,-0.602,0.869,59.448,-37.231,-173.523
-0.031,-0.566,0.878,59.082,-25.940,-182.739
0.010,-0.531,0.911,55.298,-15.198,-191.101
0.018,-0.513,0.949,51.208,-9.277,-196.960
0.032,-0.511,1.001,47.974,-7.019,-200.134
0.056,-0.505,1.037,50.415,-2.563,-205.750
0.058,-0.488,1.050,57.922,1.221,-212.769
0.023,-0.492,1.078,66.223,-2.258,-218.689
0.010,-0.499,1.105,71.777,-10.071,-223.389
-0.003,-0.491,1.114,73.792,-16.541,-228.516
-0.012,-0.502,1.109,72.205,-20.813,-233.765
-0.002,-0.516,1.085,66.101,-24.353,-236.267
0.035,-0.527,1.050,56.702,-25.818,-237.366
0.105,-0.532,1.023,46.021,-23.193,-239.563
0.173,-0.512,0.989,33.386,-17.456,-243.591
0.235,-0.472,0.959,19.592,-9.399,-248.657
0.302,-0.405,0.920,8.911,-1.648,-254.883
0.417,-0.312,0.882,2.563,2.136,-259.949
0.512,-0.221,0.831,-0.305,-1.465,-260.742
0.611,-0.164,0.762,-0.916,-3.723,-259.644
0.765,-0.082,0.659,-0.732,-2.625,-256.836
0.965,0.022,0.565,-0.183,2.869,-252.991
1.138,0.106,0.534,-0.183,14.832,-250.732
1.308,0.207,0.551,0.000,32.410,-249.146
1.476,0.381,0.635,0.366,52.246,-245.361
1.625,0.582,0.761,0.427,68.359,-238.464
1.744,0.751,0.906,-0.427,76.904,-230.408
1.862,0.914,1.016,-0.305,79.163,-219.666
1.962,1.079,1.093,4.089,76.294,-203.918
2.076,1.292,1.184,10.742,65.063,-182.495
2.044,1.479,1.356,22.156,43.701,-158.569
1.992,1.607,1.452,37.354,32.654,-136.047
1.954,1.694,1.519,48.340,26.184,-107.727
1.906,1.739,1.592,51.392,20.081,-69.214
1.828,1.683,1.627,43.152,14.038,-27.039
1.733,1.562,1.523,26.917,10.559,13.123
1.675,1.420,1.322,7.019,6.592,48.706
1.604,1.284,1.197,-6.592,-3.601,79.895
1.488,1.157,1.089,-12.634,-16.052,106.873
1.386,1.059,0.998,-15.076,-27.771,129.333
1.320,0.941,0.962,-14.587,-38.452,146.790
1.236,0.829,0.966,-14.587,-44.495,159.790
1.166,0.735,0.964,-16.541,-44.861,169.006
1.095,0.645,0.966,-18.921,-43.274,175.049
1.023,0.562,0.975,-19.775,-41.870,179.199
0.957,0.483,0.997,-20.996,-40.222,185.303
0.894,0.396,0.999,-24.841,-37.598,192.383
0.843,0.293,1.001,-30.762,-35.889,199.829
0.779,0.213,1.001,-36.926,-36.743,205.750
0.728,0.137,1.005,-43.091,-38.818,210.937
0.682,0.070,0.990,-46.204,-39.551,214.417
0.649,0.041,0.948,-45.288,-40.161,216.248
0.580,0.024,0.900,-43.030,-43.579,218.384
0.530,-0.021,0.857,-40.649,-46.326,221.436
0.499,-0.060,0.818,-39.551,-46.875,224.304
0.417,-0.117,0.801,-41.443,-43.274,225.342
0.332,-0.161,0.778,-44.250,-33.630,225.769
0.309,-0.215,0.782,-47.058,-21.301,224.792
0.281,-0.279,0.807,-49.561,-7.629,219.849
0.243,-0.309,0.847,-50.537,2.808,213.562
0.189,-0.299,0.890,-48.584,11.047,208.496
0.153,-0.303,0.899,-42.847,17.273,203.613
0.151,-0.329,0.929,-35.767,18.250,201.416
0.085,-0.365,0.956,-28.931,15.991,202.759
0.105,-0.427,1.003,-23.621,16.541,202.576
0.066,-0.475,1.026,-24.109,20.447,201.172
0.036,-0.531,1.058,-28.931,25.208,199.036
0.026,-0.586,1.086,-34.912,31.189,195.801
0.003,-0.615,1.098,-39.185,36.133,190.308
-0.030,-0.627,1.101,-40.588,37.964,185.425
-0.035,-0.645,1.087,-40.344,35.156,180.298
-0.052,-0.641,1.030,-39.612,29.724,175.049
-0.069,-0.701,1.012,-35.950,24.414,169.922
-0.089,-0.770,1.038,-31.189,20.935,164.429
-0.091,-0.820,1.051,-28.381,21.667,156.677
-0.088,-0.844,1.066,-26.978,24.536,146.545
-0.031,-0.853,1.078,-27.283,28.503,135.071
-0.020,-0.812,1.108,-29.846,29.785,125.183
0.013,-0.763,1.097,-33.997,35.706,115.234
0.061,-0.719,1.089,-39.063,39.001,109.436
0.083,-0.713,1.110,-43.091,36.743,107.422
0.121,-0.721,1.103,-44.189,37.903,104.065
0.162,-0.710,1.084,-42.114,41.077,98.267
0.168,-0.687,1.084,-38.391,37.170,90.942
0.171,-0.668,1.084,-32.959,29.419,84.595
0.171,-0.675,1.081,-28.076,21.851,80.200
0.138,-0.680,1.066,-23.926,15.259,77.026
0.118,-0.659,1.047,-22.278,9.644,73.792
0.066,-0.642,1.007,-21.057,4.517,69.397
0.076,-0.632,0.975,-19.897,1.160,64.880
0.008,-0.601,0.925,-17.639,-1.282,61.096
0.014,-0.600,0.880,-11.719,-1.099,55.237
-0.021,-0.565,0.853,-5.920,-5.188,51.636
-0.010,-0.570,0.863,-0.244,-5.798,48.340
-0.057,-0.581,0.859,4.150,-3.235,42.908
-0.062,-0.577,0.881,6.042,3.784,38.391
-0.078,-0.585,0.890,5.859,10.803,33.508
-0.095,-0.546,0.913,2.808,16.235,29.419
-0.101,-0.513,0.926,0.671,20.691,27.161
-0.093,-0.483,0.919,1.770,22.583,25.757
-0.095,-0.466,0.926,4.333,21.606,24.597
-0.087,-0.434,0.936,7.812,19.409,21.790
-0.099,-0.395,0.940,12.329,16.174,18.311
-0.085,-0.366,0.947,17.334,13.367,14.832
-0.081,-0.337,0.950,23.132,11.353,10.437
-0.074,-0.317,0.974,29.419,9.399,4.944
-0.089,-0.303,1.013,34.119,8.179,0.000
-0.097,-0.299,1.043,35.767,7.629,-3.906
0.162,-0.939,1.036,-22.827,-4.761,-19.958
0.149,-0.968,1.049,-20.813,-5.554,-24.658
0.135,-0.987,1.047,-18.921,-8.179,-29.541
0.109,-1.007,1.059,-17.334,-10.864,-35.339
0.069,-1.025,1.063,-15.625,-12.390,-41.931
0.055,-1.027,1.066,-15.137,-14.709,-48.279
0.013,-1.034,1.065,-13.794,-16.235,-53.406
-0.026,-1.095,1.078,-12.085,-17.334,-59.509
-0.066,-1.100,1.086,-12.390,-17.334,-69.885
-0.115,-1.110,1.096,-11.169,-18.738,-82.397
-0.155,-1.133,1.109,-6.287,-21.179,-96.924
-0.194,-1.129,1.114,-1.221,-23.499,-112.122
-0.211,-1.121,1.116,4.700,-25.696,-127.136
-0.235,-1.111,1.127,11.230,-29.053,-142.151
-0.254,-1.110,1.145,18.494,-31.250,-157.104
-0.256,-1.116,1.186,26.428,-32.654,-172.607
-0.253,-1.097,1.211,33.264,-32.776,-188.721
-0.268,-1.090,1.223,36.438,-32.654,-205.017
-0.174,-1.068,1.215,37.231,-30.090,-222.778
-0.247,-1.033,1.188,38.269,-29.968,-239.075
-0.175,-1.037,1.164,41.809,-24.536,-255.371
-0.156,-1.031,1.147,44.189,-24.536,-269.043
-0.100,-1.019,1.151,45.166,-28.931,-281.494
-0.108,-1.003,1.127,48.340,-29.907,-295.898
-0.024,-0.995,1.079,53.284,-25.879,-310.974
-0.001,-0.942,1.048,53.833,-31.860,-320.190
0.053,-0.938,1.006,52.185,-39.368,-328.674
0.105,-0.947,0.964,53.284,-37.598,-339.844
0.187,-0.937,0.855,52.124,-30.457,-351.257
0.373,-0.930,0.769,46.509,-23.743,-361.267
0.520,-0.885,0.641,36.926,-17.334,-370.972
0.743,-0.826,0.535,23.193,-11.169,-380.920
1.007,-0.746,0.474,8.484,-10.071,-387.695
1.309,-0.641,0.462,6.226,-11.536,-391.174
1.585,-0.510,0.448,20.203,-10.559,-392.517
1.918,-0.350,0.539,44.861,-7.568,-388.123
2.151,-0.223,0.679,78.064,-9.888,-377.258
2.391,-0.078,0.907,112.793,-9.155,-360.046
2.619,0.079,1.077,136.108,-4.639,-338.806
2.820,0.385,1.290,142.700,6.287,-312.988
2.918,0.679,1.478,131.409,27.100,-284.729
2.836,0.915,1.654,108.093,54.504,-258.484
2.792,1.135,1.660,75.073,85.571,-235.718
2.770,1.374,1.697,47.485,100.098,-213.257
2.648,1.604,1.807,32.898,84.106,-181.458
2.560,1.779,1.887,24.292,51.392,-142.944
2.435,1.851,1.889,17.944,19.348,-104.797
2.319,1.867,1.785,11.963,0.610,-64.087
2.120,1.802,1.572,4.089,-2.502,-20.691
2.026,1.621,1.134,-2.014,12.573,24.170
1.790,1.520,0.872,-19.653,11.353,77.454
1.752,1.239,0.653,-38.025,21.240,108.154
1.599,1.016,0.541,-53.711,15.564,122.437
1.415,0.938,0.667,-66.101,-15.747,138.428
1.373,0.906,0.824,-63.416,-34.363,152.893
1.301,0.833,0.906,-45.959,-44.678,164.551
1.310,0.718,0.952,-26.672,-42.603,173.828
1.295,0.657,0.938,-15.503,-40.649,182.922
1.268,0.614,0.943,-18.250,-43.701,195.129
1.252,0.535,0.929,-28.748,-43.030,209.534
1.226,0.422,0.891,-42.053,-37.292,223.694
1.172,0.344,0.853,-54.749,-26.978,236.328
1.075,0.241,0.807,-64.331,-14.221,247.925
1.003,0.075,0.795,-70.313,-2.808,255.066
0.927,0.009,0.776,-72.632,8.667,254.883
0.858,0.016,0.765,-68.481,16.663,251.038
0.790,-0.011,0.780,-57.495,17.700,250.671
0.737,-0.085,0.812,-43.701,14.404,255.554
0.722,-0.148,0.842,-32.410,10.010,262.512
0.721,-0.210,0.872,-25.879,7.996,265.747
0.683,-0.208,0.916,-24.719,7.690,266.296
0.637,-0.207,0.934,-28.137,8.972,266.724
0.585,-0.250,0.935,-31.311,11.414,270.203
0.534,-0.316,0.937,-32.776,11.963,276.672
0.506,-0.384,0.937,-33.997,14.160,282.104
0.468,-0.510,0.978,-33.325,18.494,282.166
0.415,-0.609,1.017,-33.081,25.024,275.513
0.352,-0.631,1.046,-34.607,32.715,265.869
0.264,-0.680,1.089,-34.790,40.527,257.263
0.217,-0.805,1.175,-30.457,46.509,248.718
0.151,-0.869,1.260,-25.085,50.049,239.868
0.104,-0.877,1.307,-23.865,54.077,227.661
0.084,-0.839,1.320,-25.146,56.335,214.783
0.053,-0.786,1.313,-28.625,54.749,204.773
0.059,-0.758,1.294,-33.997,47.668,199.890
0.094,-0.747,1.259,-39.490,40.222,196.716
0.098,-0.763,1.227,-43.030,36.438,191.956
0.073,-0.812,1.230,-44.861,35.034,184.387
0.049,-0.830,1.232,-43.396,31.311,172.913
0.059,-0.824,1.215,-35.889,24.048,160.889
0.090,-0.782,1.174,-24.841,15.137,149.719
0.091,-0.752,1.132,-13.672,5.737,139.893
0.151,-0.719,1.107,-5.493,-0.183,132.568
0.106,-0.700,1.068,-2.563,-7.568,127.197
0.084,-0.705,1.075,-7.019,-11.169,123.962
0.089,-0.742,1.052,-13.672,-2.991,119.507
0.090,-0.752,1.034,-21.301,4.395,117.004
0.058,-0.742,1.063,-30.701,8.423,112.122
0.062,-0.754,1.058,-36.987,23.437,102.478
0.050,-0.725,1.021,-39.001,38.208,93.323
0.040,-0.687,1.015,-38.513,40.894,87.463
0.023,-0.661,1.048,-34.485,37.170,83.008
0.013,-0.653,1.052,-28.687,32.410,77.393
-0.007,-0.628,1.064,-22.217,25.635,72.144
0.001,-0.583,1.052,-17.029,17.090,67.139
0.016,-0.550,1.026,-13.245,9.094,62.378
0.025,-0.540,1.002,-10.254,2.502,56.763
0.031,-0.524,0.969,-7.568,-1.465,49.744
0.037,-0.489,0.930,-4.761,-2.808,42.419
0.050,-0.464,0.917,-0.305,-1.587,36.682
0.037,-0.457,0.910,4.822,-0.732,32.349
0.039,-0.441,0.919,7.874,-0.977,27.954
0.023,-0.402,0.931,10.254,2.197,24.963
0.016,-0.382,0.938,13.367,5.920,22.034
-0.009,-0.360,0.965,14.404,3.174,20.325
-0.009,-0.333,0.997,13.062,1.160,19.714
-0.001,-0.303,0.989,12.695,3.845,16.541
-0.010,-0.255,0.960,12.878,4.150,12.878
0.000,-0.203,0.936,12.451,1.587,10.437